"0","############################################################"
"0","# REGULARISED + SCALED REGULARISED CCD ANALYSIS"
"0","# k = 3,...,10"
"0","############################################################"
"0",""
"0","library(dplyr)"
"0","library(ggplot2)"
"0","library(readr)"
"0",""
"0","set.seed(6)"
"0","lambda <- 0.01"
"0","G_N <- 5000"
"0",""
"0","############################################################"
"0","# REGULARISED ADG"
"0","############################################################"
"0",""
"0","compute_ADG_reg <- function(design_points, lambda = 0.01, g_n = 5000){"
"0",""
"0","X <- build_X_quadratic(design_points)"
"0",""
"0","p <- ncol(X)"
"0",""
"0","M <- crossprod(X)"
"0",""
"0","Mlam <- M + lambda * diag(p)"
"0",""
"0","Minv <- solve(Mlam)"
"0",""
"0","Dcrit <- det(Mlam)^(1/p)"
"0",""
"0","Acrit <- sum(diag(Minv))"
"0",""
"0","k <- ncol(design_points)"
"0",""
"0","Z <- matrix(runif(g_n*k,-1,1),ncol=k)"
"0","colnames(Z) <- colnames(design_points)"
"0","Z <- as.data.frame(Z)"
"0",""
"0","FZ <- build_X_quadratic(Z)"
"0",""
"0","Gcrit <- max(rowSums((FZ %*% Minv) * FZ))"
"0",""
"0","list("
"0","Dcrit = Dcrit,"
"0","Acrit = Acrit,"
"0","Gcrit = Gcrit"
"0",")"
"0",""
"0","}"
"0",""
"0","############################################################"
"0","# SCALED REGULARISED ADG (CORRECT VERSION)"
"0","############################################################"
"0",""
"0","compute_ADG_scaled <- function(design_points, lambda0 = 0.01, g_n = 5000){"
"0",""
"0","X <- build_X_quadratic(design_points)"
"0",""
"0","p <- ncol(X)"
"0",""
"0","M <- crossprod(X)"
"0",""
"0","# scaled lambda from paper"
"0","lambda_eff <- lambda0 * (sum(diag(M)) / p)"
"0",""
"0","Mlam <- M + lambda_eff * diag(p)"
"0",""
"0","Minv <- solve(Mlam)"
"0",""
"0","Dcrit <- det(Mlam)^(1/p)"
"0",""
"0","Acrit <- sum(diag(Minv))"
"0",""
"0","k <- ncol(design_points)"
"0",""
"0","Z <- matrix(runif(g_n*k,-1,1),ncol=k)"
"0","colnames(Z) <- colnames(design_points)"
"0","Z <- as.data.frame(Z)"
"0",""
"0","FZ <- build_X_quadratic(Z)"
"0",""
"0","Gcrit <- max(rowSums((FZ %*% Minv) * FZ))"
"0",""
"0","list("
"0","Dcrit = Dcrit,"
"0","Acrit = Acrit,"
"0","Gcrit = Gcrit"
"0",")"
"0",""
"0","}"
"0",""
"0","############################################################"
"0","# COMPUTE CRITERIA FOR ALL DESIGNS"
"0","############################################################"
"0",""
"0","meta <- read_csv(""data_generated/design_metadata.csv"")"
"0",""
"0","out_list <- vector(""list"", nrow(meta))"
"0",""
"0","for(i in seq_len(nrow(meta))){"
"0",""
"0","id <- meta$DesignID[i]"
"0",""
"0","pts <- readRDS(file.path("
"0","""data_generated"","
"0","paste0(""design_"",id,"".rds"")"
"0","))"
"0",""
"0","crit_reg <- compute_ADG_reg(pts,lambda,G_N)"
"0",""
"0","crit_scaled <- compute_ADG_scaled(pts,lambda,G_N)"
"0",""
"0","out_list[[i]] <- tibble("
"0","DesignID = id,"
"0",""
"0","D_reg = crit_reg$Dcrit,"
"0","A_reg = crit_reg$Acrit,"
"0","G_reg = crit_reg$Gcrit,"
"0",""
"0","D_scaled = crit_scaled$Dcrit,"
"0","A_scaled = crit_scaled$Acrit,"
"0","G_scaled = crit_scaled$Gcrit"
"0",")"
"0",""
"0","}"
"0",""
"0","mycriteria_raw_reg <- bind_rows(out_list)"
"0",""
"0","write_csv("
"0","mycriteria_raw_reg,"
"0","""data_generated/mycriteria_raw_reg_scaled.csv"""
"0",")"
"0",""
"0","############################################################"
"0","# CONVERT TO EFFICIENCIES"
"0","############################################################"
"0",""
"0","df <- meta %>%"
"0","inner_join(mycriteria_raw_reg,by=""DesignID"")"
"0",""
"0","mycriteria_eff_reg <- df %>%"
"0","group_by(k) %>%"
"0","mutate("
"0",""
"0","Deff_reg = D_reg / max(D_reg,na.rm=TRUE),"
"0","Aeff_reg = min(A_reg,na.rm=TRUE) / A_reg,"
"0","Geff_reg = min(G_reg,na.rm=TRUE) / G_reg,"
"0",""
"0","Deff_scaled = D_scaled / max(D_scaled,na.rm=TRUE),"
"0","Aeff_scaled = min(A_scaled,na.rm=TRUE) / A_scaled,"
"0","Geff_scaled = min(G_scaled,na.rm=TRUE) / G_scaled"
"0",""
"0",") %>%"
"0","ungroup()"
"0",""
"0","write_csv("
"0","mycriteria_eff_reg,"
"0","""data_generated/mycriteria_eff_reg_scaled.csv"""
"0",")"
"0",""
"0","############################################################"
"0","# MEAN EFFICIENCY BY k AND FAMILY"
"0","############################################################"
"0",""
"0","tab_mean <- mycriteria_eff_reg %>%"
"0","group_by(k,family) %>%"
"0","summarise("
"0",""
"0","meanD_reg = mean(Deff_reg,na.rm=TRUE),"
"0","meanA_reg = mean(Aeff_reg,na.rm=TRUE),"
"0","meanG_reg = mean(Geff_reg,na.rm=TRUE),"
"0",""
"0","meanD_scaled = mean(Deff_scaled,na.rm=TRUE),"
"0","meanA_scaled = mean(Aeff_scaled,na.rm=TRUE),"
"0","meanG_scaled = mean(Geff_scaled,na.rm=TRUE),"
"0",""
"0",".groups=""drop"""
"0",")"
"0",""
"0","write_csv("
"0","tab_mean,"
"0","""Tables/mean_eff_reg_scaled_k3to10.csv"""
"0",")"
"0",""
"0","############################################################"
"0","# PLOT FUNCTION"
"0","############################################################"
"0",""
"0","plot_eff <- function(dat,ycol,ylab,outfile){"
"0",""
"0","p <- ggplot(dat,"
"0","aes(x=k,"
"0","y=.data[[ycol]],"
"0","color=family,"
"0","linetype=family,"
"0","shape=family,"
"0","group=family))+"
"0","geom_line(linewidth=1.1)+"
"0","geom_point(size=3)+"
"0","labs("
"0","x=""Number of factors (k)"","
"0","y=ylab,"
"0","color=""CCD family"""
"0",")+"
"0","theme_minimal(base_size=14)"
"0",""
"0","ggsave(outfile,p,width=8,height=5)"
"0",""
"0","p"
"0",""
"0","}"
"0",""
"0","############################################################"
"0","# REGULARISED PLOTS"
"0","############################################################"
"0",""
"0","plot_eff("
"0","tab_mean,"
"0","""meanG_reg"","
"0","""Mean G-efficiency (Regularised)"","
"0","""Figures/G_regularised_k3to10.png"""
"0",")"
