DesignID,k,family,nc,rf,ra,alpha,N
FCCD_k3_nc1_rf1_ra1,3,FCCD,1,1,1,1,15
FCCD_k4_nc1_rf1_ra1,4,FCCD,1,1,1,1,25
FCCD_k5_nc1_rf1_ra1,5,FCCD,1,1,1,1,43
FCCD_k6_nc1_rf1_ra1,6,FCCD,1,1,1,1,77
FCCD_k7_nc1_rf1_ra1,7,FCCD,1,1,1,1,47
FCCD_k8_nc1_rf1_ra1,8,FCCD,1,1,1,1,49
FCCD_k9_nc1_rf1_ra1,9,FCCD,1,1,1,1,51
FCCD_k10_nc1_rf1_ra1,10,FCCD,1,1,1,1,53
RCCD_k3_nc1_rf1_ra1,3,RCCD,1,1,1,1.681792830507429,15
RCCD_k4_nc1_rf1_ra1,4,RCCD,1,1,1,2,25
RCCD_k5_nc1_rf1_ra1,5,RCCD,1,1,1,2.378414230005442,43
RCCD_k6_nc1_rf1_ra1,6,RCCD,1,1,1,2.8284271247461903,77
RCCD_k7_nc1_rf1_ra1,7,RCCD,1,1,1,3.363585661014858,47
RCCD_k8_nc1_rf1_ra1,8,RCCD,1,1,1,4,49
RCCD_k9_nc1_rf1_ra1,9,RCCD,1,1,1,4.756828460010884,51
RCCD_k10_nc1_rf1_ra1,10,RCCD,1,1,1,5.656854249492381,53
SCCD_k3_nc1_rf1_ra1,3,SCCD,1,1,1,1.7320508075688772,15
SCCD_k4_nc1_rf1_ra1,4,SCCD,1,1,1,2,25
SCCD_k5_nc1_rf1_ra1,5,SCCD,1,1,1,2.23606797749979,43
SCCD_k6_nc1_rf1_ra1,6,SCCD,1,1,1,2.449489742783178,77
SCCD_k7_nc1_rf1_ra1,7,SCCD,1,1,1,2.6457513110645907,47
SCCD_k8_nc1_rf1_ra1,8,SCCD,1,1,1,2.8284271247461903,49
SCCD_k9_nc1_rf1_ra1,9,SCCD,1,1,1,3,51
SCCD_k10_nc1_rf1_ra1,10,SCCD,1,1,1,3.1622776601683795,53
FCCD_k3_nc3_rf1_ra1,3,FCCD,3,1,1,1,17
FCCD_k4_nc3_rf1_ra1,4,FCCD,3,1,1,1,27
FCCD_k5_nc3_rf1_ra1,5,FCCD,3,1,1,1,45
FCCD_k6_nc3_rf1_ra1,6,FCCD,3,1,1,1,79
FCCD_k7_nc3_rf1_ra1,7,FCCD,3,1,1,1,49
FCCD_k8_nc3_rf1_ra1,8,FCCD,3,1,1,1,51
FCCD_k9_nc3_rf1_ra1,9,FCCD,3,1,1,1,53
FCCD_k10_nc3_rf1_ra1,10,FCCD,3,1,1,1,55
RCCD_k3_nc3_rf1_ra1,3,RCCD,3,1,1,1.681792830507429,17
RCCD_k4_nc3_rf1_ra1,4,RCCD,3,1,1,2,27
RCCD_k5_nc3_rf1_ra1,5,RCCD,3,1,1,2.378414230005442,45
RCCD_k6_nc3_rf1_ra1,6,RCCD,3,1,1,2.8284271247461903,79
RCCD_k7_nc3_rf1_ra1,7,RCCD,3,1,1,3.363585661014858,49
RCCD_k8_nc3_rf1_ra1,8,RCCD,3,1,1,4,51
RCCD_k9_nc3_rf1_ra1,9,RCCD,3,1,1,4.756828460010884,53
RCCD_k10_nc3_rf1_ra1,10,RCCD,3,1,1,5.656854249492381,55
SCCD_k3_nc3_rf1_ra1,3,SCCD,3,1,1,1.7320508075688772,17
SCCD_k4_nc3_rf1_ra1,4,SCCD,3,1,1,2,27
SCCD_k5_nc3_rf1_ra1,5,SCCD,3,1,1,2.23606797749979,45
SCCD_k6_nc3_rf1_ra1,6,SCCD,3,1,1,2.449489742783178,79
SCCD_k7_nc3_rf1_ra1,7,SCCD,3,1,1,2.6457513110645907,49
SCCD_k8_nc3_rf1_ra1,8,SCCD,3,1,1,2.8284271247461903,51
SCCD_k9_nc3_rf1_ra1,9,SCCD,3,1,1,3,53
SCCD_k10_nc3_rf1_ra1,10,SCCD,3,1,1,3.1622776601683795,55
FCCD_k3_nc5_rf1_ra1,3,FCCD,5,1,1,1,19
FCCD_k4_nc5_rf1_ra1,4,FCCD,5,1,1,1,29
FCCD_k5_nc5_rf1_ra1,5,FCCD,5,1,1,1,47
FCCD_k6_nc5_rf1_ra1,6,FCCD,5,1,1,1,81
FCCD_k7_nc5_rf1_ra1,7,FCCD,5,1,1,1,51
FCCD_k8_nc5_rf1_ra1,8,FCCD,5,1,1,1,53
FCCD_k9_nc5_rf1_ra1,9,FCCD,5,1,1,1,55
FCCD_k10_nc5_rf1_ra1,10,FCCD,5,1,1,1,57
RCCD_k3_nc5_rf1_ra1,3,RCCD,5,1,1,1.681792830507429,19
RCCD_k4_nc5_rf1_ra1,4,RCCD,5,1,1,2,29
RCCD_k5_nc5_rf1_ra1,5,RCCD,5,1,1,2.378414230005442,47
RCCD_k6_nc5_rf1_ra1,6,RCCD,5,1,1,2.8284271247461903,81
RCCD_k7_nc5_rf1_ra1,7,RCCD,5,1,1,3.363585661014858,51
RCCD_k8_nc5_rf1_ra1,8,RCCD,5,1,1,4,53
RCCD_k9_nc5_rf1_ra1,9,RCCD,5,1,1,4.756828460010884,55
RCCD_k10_nc5_rf1_ra1,10,RCCD,5,1,1,5.656854249492381,57
SCCD_k3_nc5_rf1_ra1,3,SCCD,5,1,1,1.7320508075688772,19
SCCD_k4_nc5_rf1_ra1,4,SCCD,5,1,1,2,29
SCCD_k5_nc5_rf1_ra1,5,SCCD,5,1,1,2.23606797749979,47
SCCD_k6_nc5_rf1_ra1,6,SCCD,5,1,1,2.449489742783178,81
SCCD_k7_nc5_rf1_ra1,7,SCCD,5,1,1,2.6457513110645907,51
SCCD_k8_nc5_rf1_ra1,8,SCCD,5,1,1,2.8284271247461903,53
SCCD_k9_nc5_rf1_ra1,9,SCCD,5,1,1,3,55
SCCD_k10_nc5_rf1_ra1,10,SCCD,5,1,1,3.1622776601683795,57
FCCD_k3_nc7_rf1_ra1,3,FCCD,7,1,1,1,21
FCCD_k4_nc7_rf1_ra1,4,FCCD,7,1,1,1,31
FCCD_k5_nc7_rf1_ra1,5,FCCD,7,1,1,1,49
FCCD_k6_nc7_rf1_ra1,6,FCCD,7,1,1,1,83
FCCD_k7_nc7_rf1_ra1,7,FCCD,7,1,1,1,53
FCCD_k8_nc7_rf1_ra1,8,FCCD,7,1,1,1,55
FCCD_k9_nc7_rf1_ra1,9,FCCD,7,1,1,1,57
FCCD_k10_nc7_rf1_ra1,10,FCCD,7,1,1,1,59
RCCD_k3_nc7_rf1_ra1,3,RCCD,7,1,1,1.681792830507429,21
RCCD_k4_nc7_rf1_ra1,4,RCCD,7,1,1,2,31
RCCD_k5_nc7_rf1_ra1,5,RCCD,7,1,1,2.378414230005442,49
RCCD_k6_nc7_rf1_ra1,6,RCCD,7,1,1,2.8284271247461903,83
RCCD_k7_nc7_rf1_ra1,7,RCCD,7,1,1,3.363585661014858,53
RCCD_k8_nc7_rf1_ra1,8,RCCD,7,1,1,4,55
RCCD_k9_nc7_rf1_ra1,9,RCCD,7,1,1,4.756828460010884,57
RCCD_k10_nc7_rf1_ra1,10,RCCD,7,1,1,5.656854249492381,59
SCCD_k3_nc7_rf1_ra1,3,SCCD,7,1,1,1.7320508075688772,21
SCCD_k4_nc7_rf1_ra1,4,SCCD,7,1,1,2,31
SCCD_k5_nc7_rf1_ra1,5,SCCD,7,1,1,2.23606797749979,49
SCCD_k6_nc7_rf1_ra1,6,SCCD,7,1,1,2.449489742783178,83
SCCD_k7_nc7_rf1_ra1,7,SCCD,7,1,1,2.6457513110645907,53
SCCD_k8_nc7_rf1_ra1,8,SCCD,7,1,1,2.8284271247461903,55
SCCD_k9_nc7_rf1_ra1,9,SCCD,7,1,1,3,57
SCCD_k10_nc7_rf1_ra1,10,SCCD,7,1,1,3.1622776601683795,59
FCCD_k3_nc10_rf1_ra1,3,FCCD,10,1,1,1,24
FCCD_k4_nc10_rf1_ra1,4,FCCD,10,1,1,1,34
FCCD_k5_nc10_rf1_ra1,5,FCCD,10,1,1,1,52
FCCD_k6_nc10_rf1_ra1,6,FCCD,10,1,1,1,86
FCCD_k7_nc10_rf1_ra1,7,FCCD,10,1,1,1,56
FCCD_k8_nc10_rf1_ra1,8,FCCD,10,1,1,1,58
FCCD_k9_nc10_rf1_ra1,9,FCCD,10,1,1,1,60
FCCD_k10_nc10_rf1_ra1,10,FCCD,10,1,1,1,62
RCCD_k3_nc10_rf1_ra1,3,RCCD,10,1,1,1.681792830507429,24
RCCD_k4_nc10_rf1_ra1,4,RCCD,10,1,1,2,34
RCCD_k5_nc10_rf1_ra1,5,RCCD,10,1,1,2.378414230005442,52
RCCD_k6_nc10_rf1_ra1,6,RCCD,10,1,1,2.8284271247461903,86
RCCD_k7_nc10_rf1_ra1,7,RCCD,10,1,1,3.363585661014858,56
RCCD_k8_nc10_rf1_ra1,8,RCCD,10,1,1,4,58
RCCD_k9_nc10_rf1_ra1,9,RCCD,10,1,1,4.756828460010884,60
RCCD_k10_nc10_rf1_ra1,10,RCCD,10,1,1,5.656854249492381,62
SCCD_k3_nc10_rf1_ra1,3,SCCD,10,1,1,1.7320508075688772,24
SCCD_k4_nc10_rf1_ra1,4,SCCD,10,1,1,2,34
SCCD_k5_nc10_rf1_ra1,5,SCCD,10,1,1,2.23606797749979,52
SCCD_k6_nc10_rf1_ra1,6,SCCD,10,1,1,2.449489742783178,86
SCCD_k7_nc10_rf1_ra1,7,SCCD,10,1,1,2.6457513110645907,56
SCCD_k8_nc10_rf1_ra1,8,SCCD,10,1,1,2.8284271247461903,58
SCCD_k9_nc10_rf1_ra1,9,SCCD,10,1,1,3,60
SCCD_k10_nc10_rf1_ra1,10,SCCD,10,1,1,3.1622776601683795,62
FCCD_k3_nc1_rf2_ra1,3,FCCD,1,2,1,1,23
FCCD_k4_nc1_rf2_ra1,4,FCCD,1,2,1,1,41
FCCD_k5_nc1_rf2_ra1,5,FCCD,1,2,1,1,75
FCCD_k6_nc1_rf2_ra1,6,FCCD,1,2,1,1,141
FCCD_k7_nc1_rf2_ra1,7,FCCD,1,2,1,1,79
FCCD_k8_nc1_rf2_ra1,8,FCCD,1,2,1,1,81
FCCD_k9_nc1_rf2_ra1,9,FCCD,1,2,1,1,83
FCCD_k10_nc1_rf2_ra1,10,FCCD,1,2,1,1,85
RCCD_k3_nc1_rf2_ra1,3,RCCD,1,2,1,1.681792830507429,23
RCCD_k4_nc1_rf2_ra1,4,RCCD,1,2,1,2,41
RCCD_k5_nc1_rf2_ra1,5,RCCD,1,2,1,2.378414230005442,75
RCCD_k6_nc1_rf2_ra1,6,RCCD,1,2,1,2.8284271247461903,141
RCCD_k7_nc1_rf2_ra1,7,RCCD,1,2,1,3.363585661014858,79
RCCD_k8_nc1_rf2_ra1,8,RCCD,1,2,1,4,81
RCCD_k9_nc1_rf2_ra1,9,RCCD,1,2,1,4.756828460010884,83
RCCD_k10_nc1_rf2_ra1,10,RCCD,1,2,1,5.656854249492381,85
SCCD_k3_nc1_rf2_ra1,3,SCCD,1,2,1,1.7320508075688772,23
SCCD_k4_nc1_rf2_ra1,4,SCCD,1,2,1,2,41
SCCD_k5_nc1_rf2_ra1,5,SCCD,1,2,1,2.23606797749979,75
SCCD_k6_nc1_rf2_ra1,6,SCCD,1,2,1,2.449489742783178,141
SCCD_k7_nc1_rf2_ra1,7,SCCD,1,2,1,2.6457513110645907,79
SCCD_k8_nc1_rf2_ra1,8,SCCD,1,2,1,2.8284271247461903,81
SCCD_k9_nc1_rf2_ra1,9,SCCD,1,2,1,3,83
SCCD_k10_nc1_rf2_ra1,10,SCCD,1,2,1,3.1622776601683795,85
FCCD_k3_nc3_rf2_ra1,3,FCCD,3,2,1,1,25
FCCD_k4_nc3_rf2_ra1,4,FCCD,3,2,1,1,43
FCCD_k5_nc3_rf2_ra1,5,FCCD,3,2,1,1,77
FCCD_k6_nc3_rf2_ra1,6,FCCD,3,2,1,1,143
FCCD_k7_nc3_rf2_ra1,7,FCCD,3,2,1,1,81
FCCD_k8_nc3_rf2_ra1,8,FCCD,3,2,1,1,83
FCCD_k9_nc3_rf2_ra1,9,FCCD,3,2,1,1,85
FCCD_k10_nc3_rf2_ra1,10,FCCD,3,2,1,1,87
RCCD_k3_nc3_rf2_ra1,3,RCCD,3,2,1,1.681792830507429,25
RCCD_k4_nc3_rf2_ra1,4,RCCD,3,2,1,2,43
RCCD_k5_nc3_rf2_ra1,5,RCCD,3,2,1,2.378414230005442,77
RCCD_k6_nc3_rf2_ra1,6,RCCD,3,2,1,2.8284271247461903,143
RCCD_k7_nc3_rf2_ra1,7,RCCD,3,2,1,3.363585661014858,81
RCCD_k8_nc3_rf2_ra1,8,RCCD,3,2,1,4,83
RCCD_k9_nc3_rf2_ra1,9,RCCD,3,2,1,4.756828460010884,85
RCCD_k10_nc3_rf2_ra1,10,RCCD,3,2,1,5.656854249492381,87
SCCD_k3_nc3_rf2_ra1,3,SCCD,3,2,1,1.7320508075688772,25
SCCD_k4_nc3_rf2_ra1,4,SCCD,3,2,1,2,43
SCCD_k5_nc3_rf2_ra1,5,SCCD,3,2,1,2.23606797749979,77
SCCD_k6_nc3_rf2_ra1,6,SCCD,3,2,1,2.449489742783178,143
SCCD_k7_nc3_rf2_ra1,7,SCCD,3,2,1,2.6457513110645907,81
SCCD_k8_nc3_rf2_ra1,8,SCCD,3,2,1,2.8284271247461903,83
SCCD_k9_nc3_rf2_ra1,9,SCCD,3,2,1,3,85
SCCD_k10_nc3_rf2_ra1,10,SCCD,3,2,1,3.1622776601683795,87
FCCD_k3_nc5_rf2_ra1,3,FCCD,5,2,1,1,27
FCCD_k4_nc5_rf2_ra1,4,FCCD,5,2,1,1,45
FCCD_k5_nc5_rf2_ra1,5,FCCD,5,2,1,1,79
FCCD_k6_nc5_rf2_ra1,6,FCCD,5,2,1,1,145
FCCD_k7_nc5_rf2_ra1,7,FCCD,5,2,1,1,83
FCCD_k8_nc5_rf2_ra1,8,FCCD,5,2,1,1,85
FCCD_k9_nc5_rf2_ra1,9,FCCD,5,2,1,1,87
FCCD_k10_nc5_rf2_ra1,10,FCCD,5,2,1,1,89
RCCD_k3_nc5_rf2_ra1,3,RCCD,5,2,1,1.681792830507429,27
RCCD_k4_nc5_rf2_ra1,4,RCCD,5,2,1,2,45
RCCD_k5_nc5_rf2_ra1,5,RCCD,5,2,1,2.378414230005442,79
RCCD_k6_nc5_rf2_ra1,6,RCCD,5,2,1,2.8284271247461903,145
RCCD_k7_nc5_rf2_ra1,7,RCCD,5,2,1,3.363585661014858,83
RCCD_k8_nc5_rf2_ra1,8,RCCD,5,2,1,4,85
RCCD_k9_nc5_rf2_ra1,9,RCCD,5,2,1,4.756828460010884,87
RCCD_k10_nc5_rf2_ra1,10,RCCD,5,2,1,5.656854249492381,89
SCCD_k3_nc5_rf2_ra1,3,SCCD,5,2,1,1.7320508075688772,27
SCCD_k4_nc5_rf2_ra1,4,SCCD,5,2,1,2,45
SCCD_k5_nc5_rf2_ra1,5,SCCD,5,2,1,2.23606797749979,79
SCCD_k6_nc5_rf2_ra1,6,SCCD,5,2,1,2.449489742783178,145
SCCD_k7_nc5_rf2_ra1,7,SCCD,5,2,1,2.6457513110645907,83
SCCD_k8_nc5_rf2_ra1,8,SCCD,5,2,1,2.8284271247461903,85
SCCD_k9_nc5_rf2_ra1,9,SCCD,5,2,1,3,87
SCCD_k10_nc5_rf2_ra1,10,SCCD,5,2,1,3.1622776601683795,89
FCCD_k3_nc7_rf2_ra1,3,FCCD,7,2,1,1,29
FCCD_k4_nc7_rf2_ra1,4,FCCD,7,2,1,1,47
FCCD_k5_nc7_rf2_ra1,5,FCCD,7,2,1,1,81
FCCD_k6_nc7_rf2_ra1,6,FCCD,7,2,1,1,147
FCCD_k7_nc7_rf2_ra1,7,FCCD,7,2,1,1,85
FCCD_k8_nc7_rf2_ra1,8,FCCD,7,2,1,1,87
FCCD_k9_nc7_rf2_ra1,9,FCCD,7,2,1,1,89
FCCD_k10_nc7_rf2_ra1,10,FCCD,7,2,1,1,91
RCCD_k3_nc7_rf2_ra1,3,RCCD,7,2,1,1.681792830507429,29
RCCD_k4_nc7_rf2_ra1,4,RCCD,7,2,1,2,47
RCCD_k5_nc7_rf2_ra1,5,RCCD,7,2,1,2.378414230005442,81
RCCD_k6_nc7_rf2_ra1,6,RCCD,7,2,1,2.8284271247461903,147
RCCD_k7_nc7_rf2_ra1,7,RCCD,7,2,1,3.363585661014858,85
RCCD_k8_nc7_rf2_ra1,8,RCCD,7,2,1,4,87
RCCD_k9_nc7_rf2_ra1,9,RCCD,7,2,1,4.756828460010884,89
RCCD_k10_nc7_rf2_ra1,10,RCCD,7,2,1,5.656854249492381,91
SCCD_k3_nc7_rf2_ra1,3,SCCD,7,2,1,1.7320508075688772,29
SCCD_k4_nc7_rf2_ra1,4,SCCD,7,2,1,2,47
SCCD_k5_nc7_rf2_ra1,5,SCCD,7,2,1,2.23606797749979,81
SCCD_k6_nc7_rf2_ra1,6,SCCD,7,2,1,2.449489742783178,147
SCCD_k7_nc7_rf2_ra1,7,SCCD,7,2,1,2.6457513110645907,85
SCCD_k8_nc7_rf2_ra1,8,SCCD,7,2,1,2.8284271247461903,87
SCCD_k9_nc7_rf2_ra1,9,SCCD,7,2,1,3,89
SCCD_k10_nc7_rf2_ra1,10,SCCD,7,2,1,3.1622776601683795,91
FCCD_k3_nc10_rf2_ra1,3,FCCD,10,2,1,1,32
FCCD_k4_nc10_rf2_ra1,4,FCCD,10,2,1,1,50
FCCD_k5_nc10_rf2_ra1,5,FCCD,10,2,1,1,84
FCCD_k6_nc10_rf2_ra1,6,FCCD,10,2,1,1,150
FCCD_k7_nc10_rf2_ra1,7,FCCD,10,2,1,1,88
FCCD_k8_nc10_rf2_ra1,8,FCCD,10,2,1,1,90
FCCD_k9_nc10_rf2_ra1,9,FCCD,10,2,1,1,92
FCCD_k10_nc10_rf2_ra1,10,FCCD,10,2,1,1,94
RCCD_k3_nc10_rf2_ra1,3,RCCD,10,2,1,1.681792830507429,32
RCCD_k4_nc10_rf2_ra1,4,RCCD,10,2,1,2,50
RCCD_k5_nc10_rf2_ra1,5,RCCD,10,2,1,2.378414230005442,84
RCCD_k6_nc10_rf2_ra1,6,RCCD,10,2,1,2.8284271247461903,150
RCCD_k7_nc10_rf2_ra1,7,RCCD,10,2,1,3.363585661014858,88
RCCD_k8_nc10_rf2_ra1,8,RCCD,10,2,1,4,90
RCCD_k9_nc10_rf2_ra1,9,RCCD,10,2,1,4.756828460010884,92
RCCD_k10_nc10_rf2_ra1,10,RCCD,10,2,1,5.656854249492381,94
SCCD_k3_nc10_rf2_ra1,3,SCCD,10,2,1,1.7320508075688772,32
SCCD_k4_nc10_rf2_ra1,4,SCCD,10,2,1,2,50
SCCD_k5_nc10_rf2_ra1,5,SCCD,10,2,1,2.23606797749979,84
SCCD_k6_nc10_rf2_ra1,6,SCCD,10,2,1,2.449489742783178,150
SCCD_k7_nc10_rf2_ra1,7,SCCD,10,2,1,2.6457513110645907,88
SCCD_k8_nc10_rf2_ra1,8,SCCD,10,2,1,2.8284271247461903,90
SCCD_k9_nc10_rf2_ra1,9,SCCD,10,2,1,3,92
SCCD_k10_nc10_rf2_ra1,10,SCCD,10,2,1,3.1622776601683795,94
FCCD_k3_nc1_rf3_ra1,3,FCCD,1,3,1,1,31
FCCD_k4_nc1_rf3_ra1,4,FCCD,1,3,1,1,57
FCCD_k5_nc1_rf3_ra1,5,FCCD,1,3,1,1,107
FCCD_k6_nc1_rf3_ra1,6,FCCD,1,3,1,1,205
FCCD_k7_nc1_rf3_ra1,7,FCCD,1,3,1,1,111
FCCD_k8_nc1_rf3_ra1,8,FCCD,1,3,1,1,113
FCCD_k9_nc1_rf3_ra1,9,FCCD,1,3,1,1,115
FCCD_k10_nc1_rf3_ra1,10,FCCD,1,3,1,1,117
RCCD_k3_nc1_rf3_ra1,3,RCCD,1,3,1,1.681792830507429,31
RCCD_k4_nc1_rf3_ra1,4,RCCD,1,3,1,2,57
RCCD_k5_nc1_rf3_ra1,5,RCCD,1,3,1,2.378414230005442,107
RCCD_k6_nc1_rf3_ra1,6,RCCD,1,3,1,2.8284271247461903,205
RCCD_k7_nc1_rf3_ra1,7,RCCD,1,3,1,3.363585661014858,111
RCCD_k8_nc1_rf3_ra1,8,RCCD,1,3,1,4,113
RCCD_k9_nc1_rf3_ra1,9,RCCD,1,3,1,4.756828460010884,115
RCCD_k10_nc1_rf3_ra1,10,RCCD,1,3,1,5.656854249492381,117
SCCD_k3_nc1_rf3_ra1,3,SCCD,1,3,1,1.7320508075688772,31
SCCD_k4_nc1_rf3_ra1,4,SCCD,1,3,1,2,57
SCCD_k5_nc1_rf3_ra1,5,SCCD,1,3,1,2.23606797749979,107
SCCD_k6_nc1_rf3_ra1,6,SCCD,1,3,1,2.449489742783178,205
SCCD_k7_nc1_rf3_ra1,7,SCCD,1,3,1,2.6457513110645907,111
SCCD_k8_nc1_rf3_ra1,8,SCCD,1,3,1,2.8284271247461903,113
SCCD_k9_nc1_rf3_ra1,9,SCCD,1,3,1,3,115
SCCD_k10_nc1_rf3_ra1,10,SCCD,1,3,1,3.1622776601683795,117
FCCD_k3_nc3_rf3_ra1,3,FCCD,3,3,1,1,33
FCCD_k4_nc3_rf3_ra1,4,FCCD,3,3,1,1,59
FCCD_k5_nc3_rf3_ra1,5,FCCD,3,3,1,1,109
FCCD_k6_nc3_rf3_ra1,6,FCCD,3,3,1,1,207
FCCD_k7_nc3_rf3_ra1,7,FCCD,3,3,1,1,113
FCCD_k8_nc3_rf3_ra1,8,FCCD,3,3,1,1,115
FCCD_k9_nc3_rf3_ra1,9,FCCD,3,3,1,1,117
FCCD_k10_nc3_rf3_ra1,10,FCCD,3,3,1,1,119
RCCD_k3_nc3_rf3_ra1,3,RCCD,3,3,1,1.681792830507429,33
RCCD_k4_nc3_rf3_ra1,4,RCCD,3,3,1,2,59
RCCD_k5_nc3_rf3_ra1,5,RCCD,3,3,1,2.378414230005442,109
RCCD_k6_nc3_rf3_ra1,6,RCCD,3,3,1,2.8284271247461903,207
RCCD_k7_nc3_rf3_ra1,7,RCCD,3,3,1,3.363585661014858,113
RCCD_k8_nc3_rf3_ra1,8,RCCD,3,3,1,4,115
RCCD_k9_nc3_rf3_ra1,9,RCCD,3,3,1,4.756828460010884,117
RCCD_k10_nc3_rf3_ra1,10,RCCD,3,3,1,5.656854249492381,119
SCCD_k3_nc3_rf3_ra1,3,SCCD,3,3,1,1.7320508075688772,33
SCCD_k4_nc3_rf3_ra1,4,SCCD,3,3,1,2,59
SCCD_k5_nc3_rf3_ra1,5,SCCD,3,3,1,2.23606797749979,109
SCCD_k6_nc3_rf3_ra1,6,SCCD,3,3,1,2.449489742783178,207
SCCD_k7_nc3_rf3_ra1,7,SCCD,3,3,1,2.6457513110645907,113
SCCD_k8_nc3_rf3_ra1,8,SCCD,3,3,1,2.8284271247461903,115
SCCD_k9_nc3_rf3_ra1,9,SCCD,3,3,1,3,117
SCCD_k10_nc3_rf3_ra1,10,SCCD,3,3,1,3.1622776601683795,119
FCCD_k3_nc5_rf3_ra1,3,FCCD,5,3,1,1,35
FCCD_k4_nc5_rf3_ra1,4,FCCD,5,3,1,1,61
FCCD_k5_nc5_rf3_ra1,5,FCCD,5,3,1,1,111
FCCD_k6_nc5_rf3_ra1,6,FCCD,5,3,1,1,209
FCCD_k7_nc5_rf3_ra1,7,FCCD,5,3,1,1,115
FCCD_k8_nc5_rf3_ra1,8,FCCD,5,3,1,1,117
FCCD_k9_nc5_rf3_ra1,9,FCCD,5,3,1,1,119
FCCD_k10_nc5_rf3_ra1,10,FCCD,5,3,1,1,121
RCCD_k3_nc5_rf3_ra1,3,RCCD,5,3,1,1.681792830507429,35
RCCD_k4_nc5_rf3_ra1,4,RCCD,5,3,1,2,61
RCCD_k5_nc5_rf3_ra1,5,RCCD,5,3,1,2.378414230005442,111
RCCD_k6_nc5_rf3_ra1,6,RCCD,5,3,1,2.8284271247461903,209
RCCD_k7_nc5_rf3_ra1,7,RCCD,5,3,1,3.363585661014858,115
RCCD_k8_nc5_rf3_ra1,8,RCCD,5,3,1,4,117
RCCD_k9_nc5_rf3_ra1,9,RCCD,5,3,1,4.756828460010884,119
RCCD_k10_nc5_rf3_ra1,10,RCCD,5,3,1,5.656854249492381,121
SCCD_k3_nc5_rf3_ra1,3,SCCD,5,3,1,1.7320508075688772,35
SCCD_k4_nc5_rf3_ra1,4,SCCD,5,3,1,2,61
SCCD_k5_nc5_rf3_ra1,5,SCCD,5,3,1,2.23606797749979,111
SCCD_k6_nc5_rf3_ra1,6,SCCD,5,3,1,2.449489742783178,209
SCCD_k7_nc5_rf3_ra1,7,SCCD,5,3,1,2.6457513110645907,115
SCCD_k8_nc5_rf3_ra1,8,SCCD,5,3,1,2.8284271247461903,117
SCCD_k9_nc5_rf3_ra1,9,SCCD,5,3,1,3,119
SCCD_k10_nc5_rf3_ra1,10,SCCD,5,3,1,3.1622776601683795,121
FCCD_k3_nc7_rf3_ra1,3,FCCD,7,3,1,1,37
FCCD_k4_nc7_rf3_ra1,4,FCCD,7,3,1,1,63
FCCD_k5_nc7_rf3_ra1,5,FCCD,7,3,1,1,113
FCCD_k6_nc7_rf3_ra1,6,FCCD,7,3,1,1,211
FCCD_k7_nc7_rf3_ra1,7,FCCD,7,3,1,1,117
FCCD_k8_nc7_rf3_ra1,8,FCCD,7,3,1,1,119
FCCD_k9_nc7_rf3_ra1,9,FCCD,7,3,1,1,121
FCCD_k10_nc7_rf3_ra1,10,FCCD,7,3,1,1,123
RCCD_k3_nc7_rf3_ra1,3,RCCD,7,3,1,1.681792830507429,37
RCCD_k4_nc7_rf3_ra1,4,RCCD,7,3,1,2,63
RCCD_k5_nc7_rf3_ra1,5,RCCD,7,3,1,2.378414230005442,113
RCCD_k6_nc7_rf3_ra1,6,RCCD,7,3,1,2.8284271247461903,211
RCCD_k7_nc7_rf3_ra1,7,RCCD,7,3,1,3.363585661014858,117
RCCD_k8_nc7_rf3_ra1,8,RCCD,7,3,1,4,119
RCCD_k9_nc7_rf3_ra1,9,RCCD,7,3,1,4.756828460010884,121
RCCD_k10_nc7_rf3_ra1,10,RCCD,7,3,1,5.656854249492381,123
SCCD_k3_nc7_rf3_ra1,3,SCCD,7,3,1,1.7320508075688772,37
SCCD_k4_nc7_rf3_ra1,4,SCCD,7,3,1,2,63
SCCD_k5_nc7_rf3_ra1,5,SCCD,7,3,1,2.23606797749979,113
SCCD_k6_nc7_rf3_ra1,6,SCCD,7,3,1,2.449489742783178,211
SCCD_k7_nc7_rf3_ra1,7,SCCD,7,3,1,2.6457513110645907,117
SCCD_k8_nc7_rf3_ra1,8,SCCD,7,3,1,2.8284271247461903,119
SCCD_k9_nc7_rf3_ra1,9,SCCD,7,3,1,3,121
SCCD_k10_nc7_rf3_ra1,10,SCCD,7,3,1,3.1622776601683795,123
FCCD_k3_nc10_rf3_ra1,3,FCCD,10,3,1,1,40
FCCD_k4_nc10_rf3_ra1,4,FCCD,10,3,1,1,66
FCCD_k5_nc10_rf3_ra1,5,FCCD,10,3,1,1,116
FCCD_k6_nc10_rf3_ra1,6,FCCD,10,3,1,1,214
FCCD_k7_nc10_rf3_ra1,7,FCCD,10,3,1,1,120
FCCD_k8_nc10_rf3_ra1,8,FCCD,10,3,1,1,122
FCCD_k9_nc10_rf3_ra1,9,FCCD,10,3,1,1,124
FCCD_k10_nc10_rf3_ra1,10,FCCD,10,3,1,1,126
RCCD_k3_nc10_rf3_ra1,3,RCCD,10,3,1,1.681792830507429,40
RCCD_k4_nc10_rf3_ra1,4,RCCD,10,3,1,2,66
RCCD_k5_nc10_rf3_ra1,5,RCCD,10,3,1,2.378414230005442,116
RCCD_k6_nc10_rf3_ra1,6,RCCD,10,3,1,2.8284271247461903,214
RCCD_k7_nc10_rf3_ra1,7,RCCD,10,3,1,3.363585661014858,120
RCCD_k8_nc10_rf3_ra1,8,RCCD,10,3,1,4,122
RCCD_k9_nc10_rf3_ra1,9,RCCD,10,3,1,4.756828460010884,124
RCCD_k10_nc10_rf3_ra1,10,RCCD,10,3,1,5.656854249492381,126
SCCD_k3_nc10_rf3_ra1,3,SCCD,10,3,1,1.7320508075688772,40
SCCD_k4_nc10_rf3_ra1,4,SCCD,10,3,1,2,66
SCCD_k5_nc10_rf3_ra1,5,SCCD,10,3,1,2.23606797749979,116
SCCD_k6_nc10_rf3_ra1,6,SCCD,10,3,1,2.449489742783178,214
SCCD_k7_nc10_rf3_ra1,7,SCCD,10,3,1,2.6457513110645907,120
SCCD_k8_nc10_rf3_ra1,8,SCCD,10,3,1,2.8284271247461903,122
SCCD_k9_nc10_rf3_ra1,9,SCCD,10,3,1,3,124
SCCD_k10_nc10_rf3_ra1,10,SCCD,10,3,1,3.1622776601683795,126
FCCD_k3_nc1_rf1_ra2,3,FCCD,1,1,2,1,21
FCCD_k4_nc1_rf1_ra2,4,FCCD,1,1,2,1,33
FCCD_k5_nc1_rf1_ra2,5,FCCD,1,1,2,1,53
FCCD_k6_nc1_rf1_ra2,6,FCCD,1,1,2,1,89
FCCD_k7_nc1_rf1_ra2,7,FCCD,1,1,2,1,61
FCCD_k8_nc1_rf1_ra2,8,FCCD,1,1,2,1,65
FCCD_k9_nc1_rf1_ra2,9,FCCD,1,1,2,1,69
FCCD_k10_nc1_rf1_ra2,10,FCCD,1,1,2,1,73
RCCD_k3_nc1_rf1_ra2,3,RCCD,1,1,2,1.681792830507429,21
RCCD_k4_nc1_rf1_ra2,4,RCCD,1,1,2,2,33
RCCD_k5_nc1_rf1_ra2,5,RCCD,1,1,2,2.378414230005442,53
RCCD_k6_nc1_rf1_ra2,6,RCCD,1,1,2,2.8284271247461903,89
RCCD_k7_nc1_rf1_ra2,7,RCCD,1,1,2,3.363585661014858,61
RCCD_k8_nc1_rf1_ra2,8,RCCD,1,1,2,4,65
RCCD_k9_nc1_rf1_ra2,9,RCCD,1,1,2,4.756828460010884,69
RCCD_k10_nc1_rf1_ra2,10,RCCD,1,1,2,5.656854249492381,73
SCCD_k3_nc1_rf1_ra2,3,SCCD,1,1,2,1.7320508075688772,21
SCCD_k4_nc1_rf1_ra2,4,SCCD,1,1,2,2,33
SCCD_k5_nc1_rf1_ra2,5,SCCD,1,1,2,2.23606797749979,53
SCCD_k6_nc1_rf1_ra2,6,SCCD,1,1,2,2.449489742783178,89
SCCD_k7_nc1_rf1_ra2,7,SCCD,1,1,2,2.6457513110645907,61
SCCD_k8_nc1_rf1_ra2,8,SCCD,1,1,2,2.8284271247461903,65
SCCD_k9_nc1_rf1_ra2,9,SCCD,1,1,2,3,69
SCCD_k10_nc1_rf1_ra2,10,SCCD,1,1,2,3.1622776601683795,73
FCCD_k3_nc3_rf1_ra2,3,FCCD,3,1,2,1,23
FCCD_k4_nc3_rf1_ra2,4,FCCD,3,1,2,1,35
FCCD_k5_nc3_rf1_ra2,5,FCCD,3,1,2,1,55
FCCD_k6_nc3_rf1_ra2,6,FCCD,3,1,2,1,91
FCCD_k7_nc3_rf1_ra2,7,FCCD,3,1,2,1,63
FCCD_k8_nc3_rf1_ra2,8,FCCD,3,1,2,1,67
FCCD_k9_nc3_rf1_ra2,9,FCCD,3,1,2,1,71
FCCD_k10_nc3_rf1_ra2,10,FCCD,3,1,2,1,75
RCCD_k3_nc3_rf1_ra2,3,RCCD,3,1,2,1.681792830507429,23
RCCD_k4_nc3_rf1_ra2,4,RCCD,3,1,2,2,35
RCCD_k5_nc3_rf1_ra2,5,RCCD,3,1,2,2.378414230005442,55
RCCD_k6_nc3_rf1_ra2,6,RCCD,3,1,2,2.8284271247461903,91
RCCD_k7_nc3_rf1_ra2,7,RCCD,3,1,2,3.363585661014858,63
RCCD_k8_nc3_rf1_ra2,8,RCCD,3,1,2,4,67
RCCD_k9_nc3_rf1_ra2,9,RCCD,3,1,2,4.756828460010884,71
RCCD_k10_nc3_rf1_ra2,10,RCCD,3,1,2,5.656854249492381,75
SCCD_k3_nc3_rf1_ra2,3,SCCD,3,1,2,1.7320508075688772,23
SCCD_k4_nc3_rf1_ra2,4,SCCD,3,1,2,2,35
SCCD_k5_nc3_rf1_ra2,5,SCCD,3,1,2,2.23606797749979,55
SCCD_k6_nc3_rf1_ra2,6,SCCD,3,1,2,2.449489742783178,91
SCCD_k7_nc3_rf1_ra2,7,SCCD,3,1,2,2.6457513110645907,63
SCCD_k8_nc3_rf1_ra2,8,SCCD,3,1,2,2.8284271247461903,67
SCCD_k9_nc3_rf1_ra2,9,SCCD,3,1,2,3,71
SCCD_k10_nc3_rf1_ra2,10,SCCD,3,1,2,3.1622776601683795,75
FCCD_k3_nc5_rf1_ra2,3,FCCD,5,1,2,1,25
FCCD_k4_nc5_rf1_ra2,4,FCCD,5,1,2,1,37
FCCD_k5_nc5_rf1_ra2,5,FCCD,5,1,2,1,57
FCCD_k6_nc5_rf1_ra2,6,FCCD,5,1,2,1,93
FCCD_k7_nc5_rf1_ra2,7,FCCD,5,1,2,1,65
FCCD_k8_nc5_rf1_ra2,8,FCCD,5,1,2,1,69
FCCD_k9_nc5_rf1_ra2,9,FCCD,5,1,2,1,73
FCCD_k10_nc5_rf1_ra2,10,FCCD,5,1,2,1,77
RCCD_k3_nc5_rf1_ra2,3,RCCD,5,1,2,1.681792830507429,25
RCCD_k4_nc5_rf1_ra2,4,RCCD,5,1,2,2,37
RCCD_k5_nc5_rf1_ra2,5,RCCD,5,1,2,2.378414230005442,57
RCCD_k6_nc5_rf1_ra2,6,RCCD,5,1,2,2.8284271247461903,93
RCCD_k7_nc5_rf1_ra2,7,RCCD,5,1,2,3.363585661014858,65
RCCD_k8_nc5_rf1_ra2,8,RCCD,5,1,2,4,69
RCCD_k9_nc5_rf1_ra2,9,RCCD,5,1,2,4.756828460010884,73
RCCD_k10_nc5_rf1_ra2,10,RCCD,5,1,2,5.656854249492381,77
SCCD_k3_nc5_rf1_ra2,3,SCCD,5,1,2,1.7320508075688772,25
SCCD_k4_nc5_rf1_ra2,4,SCCD,5,1,2,2,37
SCCD_k5_nc5_rf1_ra2,5,SCCD,5,1,2,2.23606797749979,57
SCCD_k6_nc5_rf1_ra2,6,SCCD,5,1,2,2.449489742783178,93
SCCD_k7_nc5_rf1_ra2,7,SCCD,5,1,2,2.6457513110645907,65
SCCD_k8_nc5_rf1_ra2,8,SCCD,5,1,2,2.8284271247461903,69
SCCD_k9_nc5_rf1_ra2,9,SCCD,5,1,2,3,73
SCCD_k10_nc5_rf1_ra2,10,SCCD,5,1,2,3.1622776601683795,77
FCCD_k3_nc7_rf1_ra2,3,FCCD,7,1,2,1,27
FCCD_k4_nc7_rf1_ra2,4,FCCD,7,1,2,1,39
FCCD_k5_nc7_rf1_ra2,5,FCCD,7,1,2,1,59
FCCD_k6_nc7_rf1_ra2,6,FCCD,7,1,2,1,95
FCCD_k7_nc7_rf1_ra2,7,FCCD,7,1,2,1,67
FCCD_k8_nc7_rf1_ra2,8,FCCD,7,1,2,1,71
FCCD_k9_nc7_rf1_ra2,9,FCCD,7,1,2,1,75
FCCD_k10_nc7_rf1_ra2,10,FCCD,7,1,2,1,79
RCCD_k3_nc7_rf1_ra2,3,RCCD,7,1,2,1.681792830507429,27
RCCD_k4_nc7_rf1_ra2,4,RCCD,7,1,2,2,39
RCCD_k5_nc7_rf1_ra2,5,RCCD,7,1,2,2.378414230005442,59
RCCD_k6_nc7_rf1_ra2,6,RCCD,7,1,2,2.8284271247461903,95
RCCD_k7_nc7_rf1_ra2,7,RCCD,7,1,2,3.363585661014858,67
RCCD_k8_nc7_rf1_ra2,8,RCCD,7,1,2,4,71
RCCD_k9_nc7_rf1_ra2,9,RCCD,7,1,2,4.756828460010884,75
RCCD_k10_nc7_rf1_ra2,10,RCCD,7,1,2,5.656854249492381,79
SCCD_k3_nc7_rf1_ra2,3,SCCD,7,1,2,1.7320508075688772,27
SCCD_k4_nc7_rf1_ra2,4,SCCD,7,1,2,2,39
SCCD_k5_nc7_rf1_ra2,5,SCCD,7,1,2,2.23606797749979,59
SCCD_k6_nc7_rf1_ra2,6,SCCD,7,1,2,2.449489742783178,95
SCCD_k7_nc7_rf1_ra2,7,SCCD,7,1,2,2.6457513110645907,67
SCCD_k8_nc7_rf1_ra2,8,SCCD,7,1,2,2.8284271247461903,71
SCCD_k9_nc7_rf1_ra2,9,SCCD,7,1,2,3,75
SCCD_k10_nc7_rf1_ra2,10,SCCD,7,1,2,3.1622776601683795,79
FCCD_k3_nc10_rf1_ra2,3,FCCD,10,1,2,1,30
FCCD_k4_nc10_rf1_ra2,4,FCCD,10,1,2,1,42
FCCD_k5_nc10_rf1_ra2,5,FCCD,10,1,2,1,62
FCCD_k6_nc10_rf1_ra2,6,FCCD,10,1,2,1,98
FCCD_k7_nc10_rf1_ra2,7,FCCD,10,1,2,1,70
FCCD_k8_nc10_rf1_ra2,8,FCCD,10,1,2,1,74
FCCD_k9_nc10_rf1_ra2,9,FCCD,10,1,2,1,78
FCCD_k10_nc10_rf1_ra2,10,FCCD,10,1,2,1,82
RCCD_k3_nc10_rf1_ra2,3,RCCD,10,1,2,1.681792830507429,30
RCCD_k4_nc10_rf1_ra2,4,RCCD,10,1,2,2,42
RCCD_k5_nc10_rf1_ra2,5,RCCD,10,1,2,2.378414230005442,62
RCCD_k6_nc10_rf1_ra2,6,RCCD,10,1,2,2.8284271247461903,98
RCCD_k7_nc10_rf1_ra2,7,RCCD,10,1,2,3.363585661014858,70
RCCD_k8_nc10_rf1_ra2,8,RCCD,10,1,2,4,74
RCCD_k9_nc10_rf1_ra2,9,RCCD,10,1,2,4.756828460010884,78
RCCD_k10_nc10_rf1_ra2,10,RCCD,10,1,2,5.656854249492381,82
SCCD_k3_nc10_rf1_ra2,3,SCCD,10,1,2,1.7320508075688772,30
SCCD_k4_nc10_rf1_ra2,4,SCCD,10,1,2,2,42
SCCD_k5_nc10_rf1_ra2,5,SCCD,10,1,2,2.23606797749979,62
SCCD_k6_nc10_rf1_ra2,6,SCCD,10,1,2,2.449489742783178,98
SCCD_k7_nc10_rf1_ra2,7,SCCD,10,1,2,2.6457513110645907,70
SCCD_k8_nc10_rf1_ra2,8,SCCD,10,1,2,2.8284271247461903,74
SCCD_k9_nc10_rf1_ra2,9,SCCD,10,1,2,3,78
SCCD_k10_nc10_rf1_ra2,10,SCCD,10,1,2,3.1622776601683795,82
FCCD_k3_nc1_rf2_ra2,3,FCCD,1,2,2,1,29
FCCD_k4_nc1_rf2_ra2,4,FCCD,1,2,2,1,49
FCCD_k5_nc1_rf2_ra2,5,FCCD,1,2,2,1,85
FCCD_k6_nc1_rf2_ra2,6,FCCD,1,2,2,1,153
FCCD_k7_nc1_rf2_ra2,7,FCCD,1,2,2,1,93
FCCD_k8_nc1_rf2_ra2,8,FCCD,1,2,2,1,97
FCCD_k9_nc1_rf2_ra2,9,FCCD,1,2,2,1,101
FCCD_k10_nc1_rf2_ra2,10,FCCD,1,2,2,1,105
RCCD_k3_nc1_rf2_ra2,3,RCCD,1,2,2,1.681792830507429,29
RCCD_k4_nc1_rf2_ra2,4,RCCD,1,2,2,2,49
RCCD_k5_nc1_rf2_ra2,5,RCCD,1,2,2,2.378414230005442,85
RCCD_k6_nc1_rf2_ra2,6,RCCD,1,2,2,2.8284271247461903,153
RCCD_k7_nc1_rf2_ra2,7,RCCD,1,2,2,3.363585661014858,93
RCCD_k8_nc1_rf2_ra2,8,RCCD,1,2,2,4,97
RCCD_k9_nc1_rf2_ra2,9,RCCD,1,2,2,4.756828460010884,101
RCCD_k10_nc1_rf2_ra2,10,RCCD,1,2,2,5.656854249492381,105
SCCD_k3_nc1_rf2_ra2,3,SCCD,1,2,2,1.7320508075688772,29
SCCD_k4_nc1_rf2_ra2,4,SCCD,1,2,2,2,49
SCCD_k5_nc1_rf2_ra2,5,SCCD,1,2,2,2.23606797749979,85
SCCD_k6_nc1_rf2_ra2,6,SCCD,1,2,2,2.449489742783178,153
SCCD_k7_nc1_rf2_ra2,7,SCCD,1,2,2,2.6457513110645907,93
SCCD_k8_nc1_rf2_ra2,8,SCCD,1,2,2,2.8284271247461903,97
SCCD_k9_nc1_rf2_ra2,9,SCCD,1,2,2,3,101
SCCD_k10_nc1_rf2_ra2,10,SCCD,1,2,2,3.1622776601683795,105
FCCD_k3_nc3_rf2_ra2,3,FCCD,3,2,2,1,31
FCCD_k4_nc3_rf2_ra2,4,FCCD,3,2,2,1,51
FCCD_k5_nc3_rf2_ra2,5,FCCD,3,2,2,1,87
FCCD_k6_nc3_rf2_ra2,6,FCCD,3,2,2,1,155
FCCD_k7_nc3_rf2_ra2,7,FCCD,3,2,2,1,95
FCCD_k8_nc3_rf2_ra2,8,FCCD,3,2,2,1,99
FCCD_k9_nc3_rf2_ra2,9,FCCD,3,2,2,1,103
FCCD_k10_nc3_rf2_ra2,10,FCCD,3,2,2,1,107
RCCD_k3_nc3_rf2_ra2,3,RCCD,3,2,2,1.681792830507429,31
RCCD_k4_nc3_rf2_ra2,4,RCCD,3,2,2,2,51
RCCD_k5_nc3_rf2_ra2,5,RCCD,3,2,2,2.378414230005442,87
RCCD_k6_nc3_rf2_ra2,6,RCCD,3,2,2,2.8284271247461903,155
RCCD_k7_nc3_rf2_ra2,7,RCCD,3,2,2,3.363585661014858,95
RCCD_k8_nc3_rf2_ra2,8,RCCD,3,2,2,4,99
RCCD_k9_nc3_rf2_ra2,9,RCCD,3,2,2,4.756828460010884,103
RCCD_k10_nc3_rf2_ra2,10,RCCD,3,2,2,5.656854249492381,107
SCCD_k3_nc3_rf2_ra2,3,SCCD,3,2,2,1.7320508075688772,31
SCCD_k4_nc3_rf2_ra2,4,SCCD,3,2,2,2,51
SCCD_k5_nc3_rf2_ra2,5,SCCD,3,2,2,2.23606797749979,87
SCCD_k6_nc3_rf2_ra2,6,SCCD,3,2,2,2.449489742783178,155
SCCD_k7_nc3_rf2_ra2,7,SCCD,3,2,2,2.6457513110645907,95
SCCD_k8_nc3_rf2_ra2,8,SCCD,3,2,2,2.8284271247461903,99
SCCD_k9_nc3_rf2_ra2,9,SCCD,3,2,2,3,103
SCCD_k10_nc3_rf2_ra2,10,SCCD,3,2,2,3.1622776601683795,107
FCCD_k3_nc5_rf2_ra2,3,FCCD,5,2,2,1,33
FCCD_k4_nc5_rf2_ra2,4,FCCD,5,2,2,1,53
FCCD_k5_nc5_rf2_ra2,5,FCCD,5,2,2,1,89
FCCD_k6_nc5_rf2_ra2,6,FCCD,5,2,2,1,157
FCCD_k7_nc5_rf2_ra2,7,FCCD,5,2,2,1,97
FCCD_k8_nc5_rf2_ra2,8,FCCD,5,2,2,1,101
FCCD_k9_nc5_rf2_ra2,9,FCCD,5,2,2,1,105
FCCD_k10_nc5_rf2_ra2,10,FCCD,5,2,2,1,109
RCCD_k3_nc5_rf2_ra2,3,RCCD,5,2,2,1.681792830507429,33
RCCD_k4_nc5_rf2_ra2,4,RCCD,5,2,2,2,53
RCCD_k5_nc5_rf2_ra2,5,RCCD,5,2,2,2.378414230005442,89
RCCD_k6_nc5_rf2_ra2,6,RCCD,5,2,2,2.8284271247461903,157
RCCD_k7_nc5_rf2_ra2,7,RCCD,5,2,2,3.363585661014858,97
RCCD_k8_nc5_rf2_ra2,8,RCCD,5,2,2,4,101
RCCD_k9_nc5_rf2_ra2,9,RCCD,5,2,2,4.756828460010884,105
RCCD_k10_nc5_rf2_ra2,10,RCCD,5,2,2,5.656854249492381,109
SCCD_k3_nc5_rf2_ra2,3,SCCD,5,2,2,1.7320508075688772,33
SCCD_k4_nc5_rf2_ra2,4,SCCD,5,2,2,2,53
SCCD_k5_nc5_rf2_ra2,5,SCCD,5,2,2,2.23606797749979,89
SCCD_k6_nc5_rf2_ra2,6,SCCD,5,2,2,2.449489742783178,157
SCCD_k7_nc5_rf2_ra2,7,SCCD,5,2,2,2.6457513110645907,97
SCCD_k8_nc5_rf2_ra2,8,SCCD,5,2,2,2.8284271247461903,101
SCCD_k9_nc5_rf2_ra2,9,SCCD,5,2,2,3,105
SCCD_k10_nc5_rf2_ra2,10,SCCD,5,2,2,3.1622776601683795,109
FCCD_k3_nc7_rf2_ra2,3,FCCD,7,2,2,1,35
FCCD_k4_nc7_rf2_ra2,4,FCCD,7,2,2,1,55
FCCD_k5_nc7_rf2_ra2,5,FCCD,7,2,2,1,91
FCCD_k6_nc7_rf2_ra2,6,FCCD,7,2,2,1,159
FCCD_k7_nc7_rf2_ra2,7,FCCD,7,2,2,1,99
FCCD_k8_nc7_rf2_ra2,8,FCCD,7,2,2,1,103
FCCD_k9_nc7_rf2_ra2,9,FCCD,7,2,2,1,107
FCCD_k10_nc7_rf2_ra2,10,FCCD,7,2,2,1,111
RCCD_k3_nc7_rf2_ra2,3,RCCD,7,2,2,1.681792830507429,35
RCCD_k4_nc7_rf2_ra2,4,RCCD,7,2,2,2,55
RCCD_k5_nc7_rf2_ra2,5,RCCD,7,2,2,2.378414230005442,91
RCCD_k6_nc7_rf2_ra2,6,RCCD,7,2,2,2.8284271247461903,159
RCCD_k7_nc7_rf2_ra2,7,RCCD,7,2,2,3.363585661014858,99
RCCD_k8_nc7_rf2_ra2,8,RCCD,7,2,2,4,103
RCCD_k9_nc7_rf2_ra2,9,RCCD,7,2,2,4.756828460010884,107
RCCD_k10_nc7_rf2_ra2,10,RCCD,7,2,2,5.656854249492381,111
SCCD_k3_nc7_rf2_ra2,3,SCCD,7,2,2,1.7320508075688772,35
SCCD_k4_nc7_rf2_ra2,4,SCCD,7,2,2,2,55
SCCD_k5_nc7_rf2_ra2,5,SCCD,7,2,2,2.23606797749979,91
SCCD_k6_nc7_rf2_ra2,6,SCCD,7,2,2,2.449489742783178,159
SCCD_k7_nc7_rf2_ra2,7,SCCD,7,2,2,2.6457513110645907,99
SCCD_k8_nc7_rf2_ra2,8,SCCD,7,2,2,2.8284271247461903,103
SCCD_k9_nc7_rf2_ra2,9,SCCD,7,2,2,3,107
SCCD_k10_nc7_rf2_ra2,10,SCCD,7,2,2,3.1622776601683795,111
FCCD_k3_nc10_rf2_ra2,3,FCCD,10,2,2,1,38
FCCD_k4_nc10_rf2_ra2,4,FCCD,10,2,2,1,58
FCCD_k5_nc10_rf2_ra2,5,FCCD,10,2,2,1,94
FCCD_k6_nc10_rf2_ra2,6,FCCD,10,2,2,1,162
FCCD_k7_nc10_rf2_ra2,7,FCCD,10,2,2,1,102
FCCD_k8_nc10_rf2_ra2,8,FCCD,10,2,2,1,106
FCCD_k9_nc10_rf2_ra2,9,FCCD,10,2,2,1,110
FCCD_k10_nc10_rf2_ra2,10,FCCD,10,2,2,1,114
RCCD_k3_nc10_rf2_ra2,3,RCCD,10,2,2,1.681792830507429,38
RCCD_k4_nc10_rf2_ra2,4,RCCD,10,2,2,2,58
RCCD_k5_nc10_rf2_ra2,5,RCCD,10,2,2,2.378414230005442,94
RCCD_k6_nc10_rf2_ra2,6,RCCD,10,2,2,2.8284271247461903,162
RCCD_k7_nc10_rf2_ra2,7,RCCD,10,2,2,3.363585661014858,102
RCCD_k8_nc10_rf2_ra2,8,RCCD,10,2,2,4,106
RCCD_k9_nc10_rf2_ra2,9,RCCD,10,2,2,4.756828460010884,110
RCCD_k10_nc10_rf2_ra2,10,RCCD,10,2,2,5.656854249492381,114
SCCD_k3_nc10_rf2_ra2,3,SCCD,10,2,2,1.7320508075688772,38
SCCD_k4_nc10_rf2_ra2,4,SCCD,10,2,2,2,58
SCCD_k5_nc10_rf2_ra2,5,SCCD,10,2,2,2.23606797749979,94
SCCD_k6_nc10_rf2_ra2,6,SCCD,10,2,2,2.449489742783178,162
SCCD_k7_nc10_rf2_ra2,7,SCCD,10,2,2,2.6457513110645907,102
SCCD_k8_nc10_rf2_ra2,8,SCCD,10,2,2,2.8284271247461903,106
SCCD_k9_nc10_rf2_ra2,9,SCCD,10,2,2,3,110
SCCD_k10_nc10_rf2_ra2,10,SCCD,10,2,2,3.1622776601683795,114
FCCD_k3_nc1_rf3_ra2,3,FCCD,1,3,2,1,37
FCCD_k4_nc1_rf3_ra2,4,FCCD,1,3,2,1,65
FCCD_k5_nc1_rf3_ra2,5,FCCD,1,3,2,1,117
FCCD_k6_nc1_rf3_ra2,6,FCCD,1,3,2,1,217
FCCD_k7_nc1_rf3_ra2,7,FCCD,1,3,2,1,125
FCCD_k8_nc1_rf3_ra2,8,FCCD,1,3,2,1,129
FCCD_k9_nc1_rf3_ra2,9,FCCD,1,3,2,1,133
FCCD_k10_nc1_rf3_ra2,10,FCCD,1,3,2,1,137
RCCD_k3_nc1_rf3_ra2,3,RCCD,1,3,2,1.681792830507429,37
RCCD_k4_nc1_rf3_ra2,4,RCCD,1,3,2,2,65
RCCD_k5_nc1_rf3_ra2,5,RCCD,1,3,2,2.378414230005442,117
RCCD_k6_nc1_rf3_ra2,6,RCCD,1,3,2,2.8284271247461903,217
RCCD_k7_nc1_rf3_ra2,7,RCCD,1,3,2,3.363585661014858,125
RCCD_k8_nc1_rf3_ra2,8,RCCD,1,3,2,4,129
RCCD_k9_nc1_rf3_ra2,9,RCCD,1,3,2,4.756828460010884,133
RCCD_k10_nc1_rf3_ra2,10,RCCD,1,3,2,5.656854249492381,137
SCCD_k3_nc1_rf3_ra2,3,SCCD,1,3,2,1.7320508075688772,37
SCCD_k4_nc1_rf3_ra2,4,SCCD,1,3,2,2,65
SCCD_k5_nc1_rf3_ra2,5,SCCD,1,3,2,2.23606797749979,117
SCCD_k6_nc1_rf3_ra2,6,SCCD,1,3,2,2.449489742783178,217
SCCD_k7_nc1_rf3_ra2,7,SCCD,1,3,2,2.6457513110645907,125
SCCD_k8_nc1_rf3_ra2,8,SCCD,1,3,2,2.8284271247461903,129
SCCD_k9_nc1_rf3_ra2,9,SCCD,1,3,2,3,133
SCCD_k10_nc1_rf3_ra2,10,SCCD,1,3,2,3.1622776601683795,137
FCCD_k3_nc3_rf3_ra2,3,FCCD,3,3,2,1,39
FCCD_k4_nc3_rf3_ra2,4,FCCD,3,3,2,1,67
FCCD_k5_nc3_rf3_ra2,5,FCCD,3,3,2,1,119
FCCD_k6_nc3_rf3_ra2,6,FCCD,3,3,2,1,219
FCCD_k7_nc3_rf3_ra2,7,FCCD,3,3,2,1,127
FCCD_k8_nc3_rf3_ra2,8,FCCD,3,3,2,1,131
FCCD_k9_nc3_rf3_ra2,9,FCCD,3,3,2,1,135
FCCD_k10_nc3_rf3_ra2,10,FCCD,3,3,2,1,139
RCCD_k3_nc3_rf3_ra2,3,RCCD,3,3,2,1.681792830507429,39
RCCD_k4_nc3_rf3_ra2,4,RCCD,3,3,2,2,67
RCCD_k5_nc3_rf3_ra2,5,RCCD,3,3,2,2.378414230005442,119
RCCD_k6_nc3_rf3_ra2,6,RCCD,3,3,2,2.8284271247461903,219
RCCD_k7_nc3_rf3_ra2,7,RCCD,3,3,2,3.363585661014858,127
RCCD_k8_nc3_rf3_ra2,8,RCCD,3,3,2,4,131
RCCD_k9_nc3_rf3_ra2,9,RCCD,3,3,2,4.756828460010884,135
RCCD_k10_nc3_rf3_ra2,10,RCCD,3,3,2,5.656854249492381,139
SCCD_k3_nc3_rf3_ra2,3,SCCD,3,3,2,1.7320508075688772,39
SCCD_k4_nc3_rf3_ra2,4,SCCD,3,3,2,2,67
SCCD_k5_nc3_rf3_ra2,5,SCCD,3,3,2,2.23606797749979,119
SCCD_k6_nc3_rf3_ra2,6,SCCD,3,3,2,2.449489742783178,219
SCCD_k7_nc3_rf3_ra2,7,SCCD,3,3,2,2.6457513110645907,127
SCCD_k8_nc3_rf3_ra2,8,SCCD,3,3,2,2.8284271247461903,131
SCCD_k9_nc3_rf3_ra2,9,SCCD,3,3,2,3,135
SCCD_k10_nc3_rf3_ra2,10,SCCD,3,3,2,3.1622776601683795,139
FCCD_k3_nc5_rf3_ra2,3,FCCD,5,3,2,1,41
FCCD_k4_nc5_rf3_ra2,4,FCCD,5,3,2,1,69
FCCD_k5_nc5_rf3_ra2,5,FCCD,5,3,2,1,121
FCCD_k6_nc5_rf3_ra2,6,FCCD,5,3,2,1,221
FCCD_k7_nc5_rf3_ra2,7,FCCD,5,3,2,1,129
FCCD_k8_nc5_rf3_ra2,8,FCCD,5,3,2,1,133
FCCD_k9_nc5_rf3_ra2,9,FCCD,5,3,2,1,137
FCCD_k10_nc5_rf3_ra2,10,FCCD,5,3,2,1,141
RCCD_k3_nc5_rf3_ra2,3,RCCD,5,3,2,1.681792830507429,41
RCCD_k4_nc5_rf3_ra2,4,RCCD,5,3,2,2,69
RCCD_k5_nc5_rf3_ra2,5,RCCD,5,3,2,2.378414230005442,121
RCCD_k6_nc5_rf3_ra2,6,RCCD,5,3,2,2.8284271247461903,221
RCCD_k7_nc5_rf3_ra2,7,RCCD,5,3,2,3.363585661014858,129
RCCD_k8_nc5_rf3_ra2,8,RCCD,5,3,2,4,133
RCCD_k9_nc5_rf3_ra2,9,RCCD,5,3,2,4.756828460010884,137
RCCD_k10_nc5_rf3_ra2,10,RCCD,5,3,2,5.656854249492381,141
SCCD_k3_nc5_rf3_ra2,3,SCCD,5,3,2,1.7320508075688772,41
SCCD_k4_nc5_rf3_ra2,4,SCCD,5,3,2,2,69
SCCD_k5_nc5_rf3_ra2,5,SCCD,5,3,2,2.23606797749979,121
SCCD_k6_nc5_rf3_ra2,6,SCCD,5,3,2,2.449489742783178,221
SCCD_k7_nc5_rf3_ra2,7,SCCD,5,3,2,2.6457513110645907,129
SCCD_k8_nc5_rf3_ra2,8,SCCD,5,3,2,2.8284271247461903,133
SCCD_k9_nc5_rf3_ra2,9,SCCD,5,3,2,3,137
SCCD_k10_nc5_rf3_ra2,10,SCCD,5,3,2,3.1622776601683795,141
FCCD_k3_nc7_rf3_ra2,3,FCCD,7,3,2,1,43
FCCD_k4_nc7_rf3_ra2,4,FCCD,7,3,2,1,71
FCCD_k5_nc7_rf3_ra2,5,FCCD,7,3,2,1,123
FCCD_k6_nc7_rf3_ra2,6,FCCD,7,3,2,1,223
FCCD_k7_nc7_rf3_ra2,7,FCCD,7,3,2,1,131
FCCD_k8_nc7_rf3_ra2,8,FCCD,7,3,2,1,135
FCCD_k9_nc7_rf3_ra2,9,FCCD,7,3,2,1,139
FCCD_k10_nc7_rf3_ra2,10,FCCD,7,3,2,1,143
RCCD_k3_nc7_rf3_ra2,3,RCCD,7,3,2,1.681792830507429,43
RCCD_k4_nc7_rf3_ra2,4,RCCD,7,3,2,2,71
RCCD_k5_nc7_rf3_ra2,5,RCCD,7,3,2,2.378414230005442,123
RCCD_k6_nc7_rf3_ra2,6,RCCD,7,3,2,2.8284271247461903,223
RCCD_k7_nc7_rf3_ra2,7,RCCD,7,3,2,3.363585661014858,131
RCCD_k8_nc7_rf3_ra2,8,RCCD,7,3,2,4,135
RCCD_k9_nc7_rf3_ra2,9,RCCD,7,3,2,4.756828460010884,139
RCCD_k10_nc7_rf3_ra2,10,RCCD,7,3,2,5.656854249492381,143
SCCD_k3_nc7_rf3_ra2,3,SCCD,7,3,2,1.7320508075688772,43
SCCD_k4_nc7_rf3_ra2,4,SCCD,7,3,2,2,71
SCCD_k5_nc7_rf3_ra2,5,SCCD,7,3,2,2.23606797749979,123
SCCD_k6_nc7_rf3_ra2,6,SCCD,7,3,2,2.449489742783178,223
SCCD_k7_nc7_rf3_ra2,7,SCCD,7,3,2,2.6457513110645907,131
SCCD_k8_nc7_rf3_ra2,8,SCCD,7,3,2,2.8284271247461903,135
SCCD_k9_nc7_rf3_ra2,9,SCCD,7,3,2,3,139
SCCD_k10_nc7_rf3_ra2,10,SCCD,7,3,2,3.1622776601683795,143
FCCD_k3_nc10_rf3_ra2,3,FCCD,10,3,2,1,46
FCCD_k4_nc10_rf3_ra2,4,FCCD,10,3,2,1,74
FCCD_k5_nc10_rf3_ra2,5,FCCD,10,3,2,1,126
FCCD_k6_nc10_rf3_ra2,6,FCCD,10,3,2,1,226
FCCD_k7_nc10_rf3_ra2,7,FCCD,10,3,2,1,134
FCCD_k8_nc10_rf3_ra2,8,FCCD,10,3,2,1,138
FCCD_k9_nc10_rf3_ra2,9,FCCD,10,3,2,1,142
FCCD_k10_nc10_rf3_ra2,10,FCCD,10,3,2,1,146
RCCD_k3_nc10_rf3_ra2,3,RCCD,10,3,2,1.681792830507429,46
RCCD_k4_nc10_rf3_ra2,4,RCCD,10,3,2,2,74
RCCD_k5_nc10_rf3_ra2,5,RCCD,10,3,2,2.378414230005442,126
RCCD_k6_nc10_rf3_ra2,6,RCCD,10,3,2,2.8284271247461903,226
RCCD_k7_nc10_rf3_ra2,7,RCCD,10,3,2,3.363585661014858,134
RCCD_k8_nc10_rf3_ra2,8,RCCD,10,3,2,4,138
RCCD_k9_nc10_rf3_ra2,9,RCCD,10,3,2,4.756828460010884,142
RCCD_k10_nc10_rf3_ra2,10,RCCD,10,3,2,5.656854249492381,146
SCCD_k3_nc10_rf3_ra2,3,SCCD,10,3,2,1.7320508075688772,46
SCCD_k4_nc10_rf3_ra2,4,SCCD,10,3,2,2,74
SCCD_k5_nc10_rf3_ra2,5,SCCD,10,3,2,2.23606797749979,126
SCCD_k6_nc10_rf3_ra2,6,SCCD,10,3,2,2.449489742783178,226
SCCD_k7_nc10_rf3_ra2,7,SCCD,10,3,2,2.6457513110645907,134
SCCD_k8_nc10_rf3_ra2,8,SCCD,10,3,2,2.8284271247461903,138
SCCD_k9_nc10_rf3_ra2,9,SCCD,10,3,2,3,142
SCCD_k10_nc10_rf3_ra2,10,SCCD,10,3,2,3.1622776601683795,146
FCCD_k3_nc1_rf1_ra3,3,FCCD,1,1,3,1,27
FCCD_k4_nc1_rf1_ra3,4,FCCD,1,1,3,1,41
FCCD_k5_nc1_rf1_ra3,5,FCCD,1,1,3,1,63
FCCD_k6_nc1_rf1_ra3,6,FCCD,1,1,3,1,101
FCCD_k7_nc1_rf1_ra3,7,FCCD,1,1,3,1,75
FCCD_k8_nc1_rf1_ra3,8,FCCD,1,1,3,1,81
FCCD_k9_nc1_rf1_ra3,9,FCCD,1,1,3,1,87
FCCD_k10_nc1_rf1_ra3,10,FCCD,1,1,3,1,93
RCCD_k3_nc1_rf1_ra3,3,RCCD,1,1,3,1.681792830507429,27
RCCD_k4_nc1_rf1_ra3,4,RCCD,1,1,3,2,41
RCCD_k5_nc1_rf1_ra3,5,RCCD,1,1,3,2.378414230005442,63
RCCD_k6_nc1_rf1_ra3,6,RCCD,1,1,3,2.8284271247461903,101
RCCD_k7_nc1_rf1_ra3,7,RCCD,1,1,3,3.363585661014858,75
RCCD_k8_nc1_rf1_ra3,8,RCCD,1,1,3,4,81
RCCD_k9_nc1_rf1_ra3,9,RCCD,1,1,3,4.756828460010884,87
RCCD_k10_nc1_rf1_ra3,10,RCCD,1,1,3,5.656854249492381,93
SCCD_k3_nc1_rf1_ra3,3,SCCD,1,1,3,1.7320508075688772,27
SCCD_k4_nc1_rf1_ra3,4,SCCD,1,1,3,2,41
SCCD_k5_nc1_rf1_ra3,5,SCCD,1,1,3,2.23606797749979,63
SCCD_k6_nc1_rf1_ra3,6,SCCD,1,1,3,2.449489742783178,101
SCCD_k7_nc1_rf1_ra3,7,SCCD,1,1,3,2.6457513110645907,75
SCCD_k8_nc1_rf1_ra3,8,SCCD,1,1,3,2.8284271247461903,81
SCCD_k9_nc1_rf1_ra3,9,SCCD,1,1,3,3,87
SCCD_k10_nc1_rf1_ra3,10,SCCD,1,1,3,3.1622776601683795,93
FCCD_k3_nc3_rf1_ra3,3,FCCD,3,1,3,1,29
FCCD_k4_nc3_rf1_ra3,4,FCCD,3,1,3,1,43
FCCD_k5_nc3_rf1_ra3,5,FCCD,3,1,3,1,65
FCCD_k6_nc3_rf1_ra3,6,FCCD,3,1,3,1,103
FCCD_k7_nc3_rf1_ra3,7,FCCD,3,1,3,1,77
FCCD_k8_nc3_rf1_ra3,8,FCCD,3,1,3,1,83
FCCD_k9_nc3_rf1_ra3,9,FCCD,3,1,3,1,89
FCCD_k10_nc3_rf1_ra3,10,FCCD,3,1,3,1,95
RCCD_k3_nc3_rf1_ra3,3,RCCD,3,1,3,1.681792830507429,29
RCCD_k4_nc3_rf1_ra3,4,RCCD,3,1,3,2,43
RCCD_k5_nc3_rf1_ra3,5,RCCD,3,1,3,2.378414230005442,65
RCCD_k6_nc3_rf1_ra3,6,RCCD,3,1,3,2.8284271247461903,103
RCCD_k7_nc3_rf1_ra3,7,RCCD,3,1,3,3.363585661014858,77
RCCD_k8_nc3_rf1_ra3,8,RCCD,3,1,3,4,83
RCCD_k9_nc3_rf1_ra3,9,RCCD,3,1,3,4.756828460010884,89
RCCD_k10_nc3_rf1_ra3,10,RCCD,3,1,3,5.656854249492381,95
SCCD_k3_nc3_rf1_ra3,3,SCCD,3,1,3,1.7320508075688772,29
SCCD_k4_nc3_rf1_ra3,4,SCCD,3,1,3,2,43
SCCD_k5_nc3_rf1_ra3,5,SCCD,3,1,3,2.23606797749979,65
SCCD_k6_nc3_rf1_ra3,6,SCCD,3,1,3,2.449489742783178,103
SCCD_k7_nc3_rf1_ra3,7,SCCD,3,1,3,2.6457513110645907,77
SCCD_k8_nc3_rf1_ra3,8,SCCD,3,1,3,2.8284271247461903,83
SCCD_k9_nc3_rf1_ra3,9,SCCD,3,1,3,3,89
SCCD_k10_nc3_rf1_ra3,10,SCCD,3,1,3,3.1622776601683795,95
FCCD_k3_nc5_rf1_ra3,3,FCCD,5,1,3,1,31
FCCD_k4_nc5_rf1_ra3,4,FCCD,5,1,3,1,45
FCCD_k5_nc5_rf1_ra3,5,FCCD,5,1,3,1,67
FCCD_k6_nc5_rf1_ra3,6,FCCD,5,1,3,1,105
FCCD_k7_nc5_rf1_ra3,7,FCCD,5,1,3,1,79
FCCD_k8_nc5_rf1_ra3,8,FCCD,5,1,3,1,85
FCCD_k9_nc5_rf1_ra3,9,FCCD,5,1,3,1,91
FCCD_k10_nc5_rf1_ra3,10,FCCD,5,1,3,1,97
RCCD_k3_nc5_rf1_ra3,3,RCCD,5,1,3,1.681792830507429,31
RCCD_k4_nc5_rf1_ra3,4,RCCD,5,1,3,2,45
RCCD_k5_nc5_rf1_ra3,5,RCCD,5,1,3,2.378414230005442,67
RCCD_k6_nc5_rf1_ra3,6,RCCD,5,1,3,2.8284271247461903,105
RCCD_k7_nc5_rf1_ra3,7,RCCD,5,1,3,3.363585661014858,79
RCCD_k8_nc5_rf1_ra3,8,RCCD,5,1,3,4,85
RCCD_k9_nc5_rf1_ra3,9,RCCD,5,1,3,4.756828460010884,91
RCCD_k10_nc5_rf1_ra3,10,RCCD,5,1,3,5.656854249492381,97
SCCD_k3_nc5_rf1_ra3,3,SCCD,5,1,3,1.7320508075688772,31
SCCD_k4_nc5_rf1_ra3,4,SCCD,5,1,3,2,45
SCCD_k5_nc5_rf1_ra3,5,SCCD,5,1,3,2.23606797749979,67
SCCD_k6_nc5_rf1_ra3,6,SCCD,5,1,3,2.449489742783178,105
SCCD_k7_nc5_rf1_ra3,7,SCCD,5,1,3,2.6457513110645907,79
SCCD_k8_nc5_rf1_ra3,8,SCCD,5,1,3,2.8284271247461903,85
SCCD_k9_nc5_rf1_ra3,9,SCCD,5,1,3,3,91
SCCD_k10_nc5_rf1_ra3,10,SCCD,5,1,3,3.1622776601683795,97
FCCD_k3_nc7_rf1_ra3,3,FCCD,7,1,3,1,33
FCCD_k4_nc7_rf1_ra3,4,FCCD,7,1,3,1,47
FCCD_k5_nc7_rf1_ra3,5,FCCD,7,1,3,1,69
FCCD_k6_nc7_rf1_ra3,6,FCCD,7,1,3,1,107
FCCD_k7_nc7_rf1_ra3,7,FCCD,7,1,3,1,81
FCCD_k8_nc7_rf1_ra3,8,FCCD,7,1,3,1,87
FCCD_k9_nc7_rf1_ra3,9,FCCD,7,1,3,1,93
FCCD_k10_nc7_rf1_ra3,10,FCCD,7,1,3,1,99
RCCD_k3_nc7_rf1_ra3,3,RCCD,7,1,3,1.681792830507429,33
RCCD_k4_nc7_rf1_ra3,4,RCCD,7,1,3,2,47
RCCD_k5_nc7_rf1_ra3,5,RCCD,7,1,3,2.378414230005442,69
RCCD_k6_nc7_rf1_ra3,6,RCCD,7,1,3,2.8284271247461903,107
RCCD_k7_nc7_rf1_ra3,7,RCCD,7,1,3,3.363585661014858,81
RCCD_k8_nc7_rf1_ra3,8,RCCD,7,1,3,4,87
RCCD_k9_nc7_rf1_ra3,9,RCCD,7,1,3,4.756828460010884,93
RCCD_k10_nc7_rf1_ra3,10,RCCD,7,1,3,5.656854249492381,99
SCCD_k3_nc7_rf1_ra3,3,SCCD,7,1,3,1.7320508075688772,33
SCCD_k4_nc7_rf1_ra3,4,SCCD,7,1,3,2,47
SCCD_k5_nc7_rf1_ra3,5,SCCD,7,1,3,2.23606797749979,69
SCCD_k6_nc7_rf1_ra3,6,SCCD,7,1,3,2.449489742783178,107
SCCD_k7_nc7_rf1_ra3,7,SCCD,7,1,3,2.6457513110645907,81
SCCD_k8_nc7_rf1_ra3,8,SCCD,7,1,3,2.8284271247461903,87
SCCD_k9_nc7_rf1_ra3,9,SCCD,7,1,3,3,93
SCCD_k10_nc7_rf1_ra3,10,SCCD,7,1,3,3.1622776601683795,99
FCCD_k3_nc10_rf1_ra3,3,FCCD,10,1,3,1,36
FCCD_k4_nc10_rf1_ra3,4,FCCD,10,1,3,1,50
FCCD_k5_nc10_rf1_ra3,5,FCCD,10,1,3,1,72
FCCD_k6_nc10_rf1_ra3,6,FCCD,10,1,3,1,110
FCCD_k7_nc10_rf1_ra3,7,FCCD,10,1,3,1,84
FCCD_k8_nc10_rf1_ra3,8,FCCD,10,1,3,1,90
FCCD_k9_nc10_rf1_ra3,9,FCCD,10,1,3,1,96
FCCD_k10_nc10_rf1_ra3,10,FCCD,10,1,3,1,102
RCCD_k3_nc10_rf1_ra3,3,RCCD,10,1,3,1.681792830507429,36
RCCD_k4_nc10_rf1_ra3,4,RCCD,10,1,3,2,50
RCCD_k5_nc10_rf1_ra3,5,RCCD,10,1,3,2.378414230005442,72
RCCD_k6_nc10_rf1_ra3,6,RCCD,10,1,3,2.8284271247461903,110
RCCD_k7_nc10_rf1_ra3,7,RCCD,10,1,3,3.363585661014858,84
RCCD_k8_nc10_rf1_ra3,8,RCCD,10,1,3,4,90
RCCD_k9_nc10_rf1_ra3,9,RCCD,10,1,3,4.756828460010884,96
RCCD_k10_nc10_rf1_ra3,10,RCCD,10,1,3,5.656854249492381,102
SCCD_k3_nc10_rf1_ra3,3,SCCD,10,1,3,1.7320508075688772,36
SCCD_k4_nc10_rf1_ra3,4,SCCD,10,1,3,2,50
SCCD_k5_nc10_rf1_ra3,5,SCCD,10,1,3,2.23606797749979,72
SCCD_k6_nc10_rf1_ra3,6,SCCD,10,1,3,2.449489742783178,110
SCCD_k7_nc10_rf1_ra3,7,SCCD,10,1,3,2.6457513110645907,84
SCCD_k8_nc10_rf1_ra3,8,SCCD,10,1,3,2.8284271247461903,90
SCCD_k9_nc10_rf1_ra3,9,SCCD,10,1,3,3,96
SCCD_k10_nc10_rf1_ra3,10,SCCD,10,1,3,3.1622776601683795,102
FCCD_k3_nc1_rf2_ra3,3,FCCD,1,2,3,1,35
FCCD_k4_nc1_rf2_ra3,4,FCCD,1,2,3,1,57
FCCD_k5_nc1_rf2_ra3,5,FCCD,1,2,3,1,95
FCCD_k6_nc1_rf2_ra3,6,FCCD,1,2,3,1,165
FCCD_k7_nc1_rf2_ra3,7,FCCD,1,2,3,1,107
FCCD_k8_nc1_rf2_ra3,8,FCCD,1,2,3,1,113
FCCD_k9_nc1_rf2_ra3,9,FCCD,1,2,3,1,119
FCCD_k10_nc1_rf2_ra3,10,FCCD,1,2,3,1,125
RCCD_k3_nc1_rf2_ra3,3,RCCD,1,2,3,1.681792830507429,35
RCCD_k4_nc1_rf2_ra3,4,RCCD,1,2,3,2,57
RCCD_k5_nc1_rf2_ra3,5,RCCD,1,2,3,2.378414230005442,95
RCCD_k6_nc1_rf2_ra3,6,RCCD,1,2,3,2.8284271247461903,165
RCCD_k7_nc1_rf2_ra3,7,RCCD,1,2,3,3.363585661014858,107
RCCD_k8_nc1_rf2_ra3,8,RCCD,1,2,3,4,113
RCCD_k9_nc1_rf2_ra3,9,RCCD,1,2,3,4.756828460010884,119
RCCD_k10_nc1_rf2_ra3,10,RCCD,1,2,3,5.656854249492381,125
SCCD_k3_nc1_rf2_ra3,3,SCCD,1,2,3,1.7320508075688772,35
SCCD_k4_nc1_rf2_ra3,4,SCCD,1,2,3,2,57
SCCD_k5_nc1_rf2_ra3,5,SCCD,1,2,3,2.23606797749979,95
SCCD_k6_nc1_rf2_ra3,6,SCCD,1,2,3,2.449489742783178,165
SCCD_k7_nc1_rf2_ra3,7,SCCD,1,2,3,2.6457513110645907,107
SCCD_k8_nc1_rf2_ra3,8,SCCD,1,2,3,2.8284271247461903,113
SCCD_k9_nc1_rf2_ra3,9,SCCD,1,2,3,3,119
SCCD_k10_nc1_rf2_ra3,10,SCCD,1,2,3,3.1622776601683795,125
FCCD_k3_nc3_rf2_ra3,3,FCCD,3,2,3,1,37
FCCD_k4_nc3_rf2_ra3,4,FCCD,3,2,3,1,59
FCCD_k5_nc3_rf2_ra3,5,FCCD,3,2,3,1,97
FCCD_k6_nc3_rf2_ra3,6,FCCD,3,2,3,1,167
FCCD_k7_nc3_rf2_ra3,7,FCCD,3,2,3,1,109
FCCD_k8_nc3_rf2_ra3,8,FCCD,3,2,3,1,115
FCCD_k9_nc3_rf2_ra3,9,FCCD,3,2,3,1,121
FCCD_k10_nc3_rf2_ra3,10,FCCD,3,2,3,1,127
RCCD_k3_nc3_rf2_ra3,3,RCCD,3,2,3,1.681792830507429,37
RCCD_k4_nc3_rf2_ra3,4,RCCD,3,2,3,2,59
RCCD_k5_nc3_rf2_ra3,5,RCCD,3,2,3,2.378414230005442,97
RCCD_k6_nc3_rf2_ra3,6,RCCD,3,2,3,2.8284271247461903,167
RCCD_k7_nc3_rf2_ra3,7,RCCD,3,2,3,3.363585661014858,109
RCCD_k8_nc3_rf2_ra3,8,RCCD,3,2,3,4,115
RCCD_k9_nc3_rf2_ra3,9,RCCD,3,2,3,4.756828460010884,121
RCCD_k10_nc3_rf2_ra3,10,RCCD,3,2,3,5.656854249492381,127
SCCD_k3_nc3_rf2_ra3,3,SCCD,3,2,3,1.7320508075688772,37
SCCD_k4_nc3_rf2_ra3,4,SCCD,3,2,3,2,59
SCCD_k5_nc3_rf2_ra3,5,SCCD,3,2,3,2.23606797749979,97
SCCD_k6_nc3_rf2_ra3,6,SCCD,3,2,3,2.449489742783178,167
SCCD_k7_nc3_rf2_ra3,7,SCCD,3,2,3,2.6457513110645907,109
SCCD_k8_nc3_rf2_ra3,8,SCCD,3,2,3,2.8284271247461903,115
SCCD_k9_nc3_rf2_ra3,9,SCCD,3,2,3,3,121
SCCD_k10_nc3_rf2_ra3,10,SCCD,3,2,3,3.1622776601683795,127
FCCD_k3_nc5_rf2_ra3,3,FCCD,5,2,3,1,39
FCCD_k4_nc5_rf2_ra3,4,FCCD,5,2,3,1,61
FCCD_k5_nc5_rf2_ra3,5,FCCD,5,2,3,1,99
FCCD_k6_nc5_rf2_ra3,6,FCCD,5,2,3,1,169
FCCD_k7_nc5_rf2_ra3,7,FCCD,5,2,3,1,111
FCCD_k8_nc5_rf2_ra3,8,FCCD,5,2,3,1,117
FCCD_k9_nc5_rf2_ra3,9,FCCD,5,2,3,1,123
FCCD_k10_nc5_rf2_ra3,10,FCCD,5,2,3,1,129
RCCD_k3_nc5_rf2_ra3,3,RCCD,5,2,3,1.681792830507429,39
RCCD_k4_nc5_rf2_ra3,4,RCCD,5,2,3,2,61
RCCD_k5_nc5_rf2_ra3,5,RCCD,5,2,3,2.378414230005442,99
RCCD_k6_nc5_rf2_ra3,6,RCCD,5,2,3,2.8284271247461903,169
RCCD_k7_nc5_rf2_ra3,7,RCCD,5,2,3,3.363585661014858,111
RCCD_k8_nc5_rf2_ra3,8,RCCD,5,2,3,4,117
RCCD_k9_nc5_rf2_ra3,9,RCCD,5,2,3,4.756828460010884,123
RCCD_k10_nc5_rf2_ra3,10,RCCD,5,2,3,5.656854249492381,129
SCCD_k3_nc5_rf2_ra3,3,SCCD,5,2,3,1.7320508075688772,39
SCCD_k4_nc5_rf2_ra3,4,SCCD,5,2,3,2,61
SCCD_k5_nc5_rf2_ra3,5,SCCD,5,2,3,2.23606797749979,99
SCCD_k6_nc5_rf2_ra3,6,SCCD,5,2,3,2.449489742783178,169
SCCD_k7_nc5_rf2_ra3,7,SCCD,5,2,3,2.6457513110645907,111
SCCD_k8_nc5_rf2_ra3,8,SCCD,5,2,3,2.8284271247461903,117
SCCD_k9_nc5_rf2_ra3,9,SCCD,5,2,3,3,123
SCCD_k10_nc5_rf2_ra3,10,SCCD,5,2,3,3.1622776601683795,129
FCCD_k3_nc7_rf2_ra3,3,FCCD,7,2,3,1,41
FCCD_k4_nc7_rf2_ra3,4,FCCD,7,2,3,1,63
FCCD_k5_nc7_rf2_ra3,5,FCCD,7,2,3,1,101
FCCD_k6_nc7_rf2_ra3,6,FCCD,7,2,3,1,171
FCCD_k7_nc7_rf2_ra3,7,FCCD,7,2,3,1,113
FCCD_k8_nc7_rf2_ra3,8,FCCD,7,2,3,1,119
FCCD_k9_nc7_rf2_ra3,9,FCCD,7,2,3,1,125
FCCD_k10_nc7_rf2_ra3,10,FCCD,7,2,3,1,131
RCCD_k3_nc7_rf2_ra3,3,RCCD,7,2,3,1.681792830507429,41
RCCD_k4_nc7_rf2_ra3,4,RCCD,7,2,3,2,63
RCCD_k5_nc7_rf2_ra3,5,RCCD,7,2,3,2.378414230005442,101
RCCD_k6_nc7_rf2_ra3,6,RCCD,7,2,3,2.8284271247461903,171
RCCD_k7_nc7_rf2_ra3,7,RCCD,7,2,3,3.363585661014858,113
RCCD_k8_nc7_rf2_ra3,8,RCCD,7,2,3,4,119
RCCD_k9_nc7_rf2_ra3,9,RCCD,7,2,3,4.756828460010884,125
RCCD_k10_nc7_rf2_ra3,10,RCCD,7,2,3,5.656854249492381,131
SCCD_k3_nc7_rf2_ra3,3,SCCD,7,2,3,1.7320508075688772,41
SCCD_k4_nc7_rf2_ra3,4,SCCD,7,2,3,2,63
SCCD_k5_nc7_rf2_ra3,5,SCCD,7,2,3,2.23606797749979,101
SCCD_k6_nc7_rf2_ra3,6,SCCD,7,2,3,2.449489742783178,171
SCCD_k7_nc7_rf2_ra3,7,SCCD,7,2,3,2.6457513110645907,113
SCCD_k8_nc7_rf2_ra3,8,SCCD,7,2,3,2.8284271247461903,119
SCCD_k9_nc7_rf2_ra3,9,SCCD,7,2,3,3,125
SCCD_k10_nc7_rf2_ra3,10,SCCD,7,2,3,3.1622776601683795,131
FCCD_k3_nc10_rf2_ra3,3,FCCD,10,2,3,1,44
FCCD_k4_nc10_rf2_ra3,4,FCCD,10,2,3,1,66
FCCD_k5_nc10_rf2_ra3,5,FCCD,10,2,3,1,104
FCCD_k6_nc10_rf2_ra3,6,FCCD,10,2,3,1,174
FCCD_k7_nc10_rf2_ra3,7,FCCD,10,2,3,1,116
FCCD_k8_nc10_rf2_ra3,8,FCCD,10,2,3,1,122
FCCD_k9_nc10_rf2_ra3,9,FCCD,10,2,3,1,128
FCCD_k10_nc10_rf2_ra3,10,FCCD,10,2,3,1,134
RCCD_k3_nc10_rf2_ra3,3,RCCD,10,2,3,1.681792830507429,44
RCCD_k4_nc10_rf2_ra3,4,RCCD,10,2,3,2,66
RCCD_k5_nc10_rf2_ra3,5,RCCD,10,2,3,2.378414230005442,104
RCCD_k6_nc10_rf2_ra3,6,RCCD,10,2,3,2.8284271247461903,174
RCCD_k7_nc10_rf2_ra3,7,RCCD,10,2,3,3.363585661014858,116
RCCD_k8_nc10_rf2_ra3,8,RCCD,10,2,3,4,122
RCCD_k9_nc10_rf2_ra3,9,RCCD,10,2,3,4.756828460010884,128
RCCD_k10_nc10_rf2_ra3,10,RCCD,10,2,3,5.656854249492381,134
SCCD_k3_nc10_rf2_ra3,3,SCCD,10,2,3,1.7320508075688772,44
SCCD_k4_nc10_rf2_ra3,4,SCCD,10,2,3,2,66
SCCD_k5_nc10_rf2_ra3,5,SCCD,10,2,3,2.23606797749979,104
SCCD_k6_nc10_rf2_ra3,6,SCCD,10,2,3,2.449489742783178,174
SCCD_k7_nc10_rf2_ra3,7,SCCD,10,2,3,2.6457513110645907,116
SCCD_k8_nc10_rf2_ra3,8,SCCD,10,2,3,2.8284271247461903,122
SCCD_k9_nc10_rf2_ra3,9,SCCD,10,2,3,3,128
SCCD_k10_nc10_rf2_ra3,10,SCCD,10,2,3,3.1622776601683795,134
FCCD_k3_nc1_rf3_ra3,3,FCCD,1,3,3,1,43
FCCD_k4_nc1_rf3_ra3,4,FCCD,1,3,3,1,73
FCCD_k5_nc1_rf3_ra3,5,FCCD,1,3,3,1,127
FCCD_k6_nc1_rf3_ra3,6,FCCD,1,3,3,1,229
FCCD_k7_nc1_rf3_ra3,7,FCCD,1,3,3,1,139
FCCD_k8_nc1_rf3_ra3,8,FCCD,1,3,3,1,145
FCCD_k9_nc1_rf3_ra3,9,FCCD,1,3,3,1,151
FCCD_k10_nc1_rf3_ra3,10,FCCD,1,3,3,1,157
RCCD_k3_nc1_rf3_ra3,3,RCCD,1,3,3,1.681792830507429,43
RCCD_k4_nc1_rf3_ra3,4,RCCD,1,3,3,2,73
RCCD_k5_nc1_rf3_ra3,5,RCCD,1,3,3,2.378414230005442,127
RCCD_k6_nc1_rf3_ra3,6,RCCD,1,3,3,2.8284271247461903,229
RCCD_k7_nc1_rf3_ra3,7,RCCD,1,3,3,3.363585661014858,139
RCCD_k8_nc1_rf3_ra3,8,RCCD,1,3,3,4,145
RCCD_k9_nc1_rf3_ra3,9,RCCD,1,3,3,4.756828460010884,151
RCCD_k10_nc1_rf3_ra3,10,RCCD,1,3,3,5.656854249492381,157
SCCD_k3_nc1_rf3_ra3,3,SCCD,1,3,3,1.7320508075688772,43
SCCD_k4_nc1_rf3_ra3,4,SCCD,1,3,3,2,73
SCCD_k5_nc1_rf3_ra3,5,SCCD,1,3,3,2.23606797749979,127
SCCD_k6_nc1_rf3_ra3,6,SCCD,1,3,3,2.449489742783178,229
SCCD_k7_nc1_rf3_ra3,7,SCCD,1,3,3,2.6457513110645907,139
SCCD_k8_nc1_rf3_ra3,8,SCCD,1,3,3,2.8284271247461903,145
SCCD_k9_nc1_rf3_ra3,9,SCCD,1,3,3,3,151
SCCD_k10_nc1_rf3_ra3,10,SCCD,1,3,3,3.1622776601683795,157
FCCD_k3_nc3_rf3_ra3,3,FCCD,3,3,3,1,45
FCCD_k4_nc3_rf3_ra3,4,FCCD,3,3,3,1,75
FCCD_k5_nc3_rf3_ra3,5,FCCD,3,3,3,1,129
FCCD_k6_nc3_rf3_ra3,6,FCCD,3,3,3,1,231
FCCD_k7_nc3_rf3_ra3,7,FCCD,3,3,3,1,141
FCCD_k8_nc3_rf3_ra3,8,FCCD,3,3,3,1,147
FCCD_k9_nc3_rf3_ra3,9,FCCD,3,3,3,1,153
FCCD_k10_nc3_rf3_ra3,10,FCCD,3,3,3,1,159
RCCD_k3_nc3_rf3_ra3,3,RCCD,3,3,3,1.681792830507429,45
RCCD_k4_nc3_rf3_ra3,4,RCCD,3,3,3,2,75
RCCD_k5_nc3_rf3_ra3,5,RCCD,3,3,3,2.378414230005442,129
RCCD_k6_nc3_rf3_ra3,6,RCCD,3,3,3,2.8284271247461903,231
RCCD_k7_nc3_rf3_ra3,7,RCCD,3,3,3,3.363585661014858,141
RCCD_k8_nc3_rf3_ra3,8,RCCD,3,3,3,4,147
RCCD_k9_nc3_rf3_ra3,9,RCCD,3,3,3,4.756828460010884,153
RCCD_k10_nc3_rf3_ra3,10,RCCD,3,3,3,5.656854249492381,159
SCCD_k3_nc3_rf3_ra3,3,SCCD,3,3,3,1.7320508075688772,45
SCCD_k4_nc3_rf3_ra3,4,SCCD,3,3,3,2,75
SCCD_k5_nc3_rf3_ra3,5,SCCD,3,3,3,2.23606797749979,129
SCCD_k6_nc3_rf3_ra3,6,SCCD,3,3,3,2.449489742783178,231
SCCD_k7_nc3_rf3_ra3,7,SCCD,3,3,3,2.6457513110645907,141
SCCD_k8_nc3_rf3_ra3,8,SCCD,3,3,3,2.8284271247461903,147
SCCD_k9_nc3_rf3_ra3,9,SCCD,3,3,3,3,153
SCCD_k10_nc3_rf3_ra3,10,SCCD,3,3,3,3.1622776601683795,159
FCCD_k3_nc5_rf3_ra3,3,FCCD,5,3,3,1,47
FCCD_k4_nc5_rf3_ra3,4,FCCD,5,3,3,1,77
FCCD_k5_nc5_rf3_ra3,5,FCCD,5,3,3,1,131
FCCD_k6_nc5_rf3_ra3,6,FCCD,5,3,3,1,233
FCCD_k7_nc5_rf3_ra3,7,FCCD,5,3,3,1,143
FCCD_k8_nc5_rf3_ra3,8,FCCD,5,3,3,1,149
FCCD_k9_nc5_rf3_ra3,9,FCCD,5,3,3,1,155
FCCD_k10_nc5_rf3_ra3,10,FCCD,5,3,3,1,161
RCCD_k3_nc5_rf3_ra3,3,RCCD,5,3,3,1.681792830507429,47
RCCD_k4_nc5_rf3_ra3,4,RCCD,5,3,3,2,77
RCCD_k5_nc5_rf3_ra3,5,RCCD,5,3,3,2.378414230005442,131
RCCD_k6_nc5_rf3_ra3,6,RCCD,5,3,3,2.8284271247461903,233
RCCD_k7_nc5_rf3_ra3,7,RCCD,5,3,3,3.363585661014858,143
RCCD_k8_nc5_rf3_ra3,8,RCCD,5,3,3,4,149
RCCD_k9_nc5_rf3_ra3,9,RCCD,5,3,3,4.756828460010884,155
RCCD_k10_nc5_rf3_ra3,10,RCCD,5,3,3,5.656854249492381,161
SCCD_k3_nc5_rf3_ra3,3,SCCD,5,3,3,1.7320508075688772,47
SCCD_k4_nc5_rf3_ra3,4,SCCD,5,3,3,2,77
SCCD_k5_nc5_rf3_ra3,5,SCCD,5,3,3,2.23606797749979,131
SCCD_k6_nc5_rf3_ra3,6,SCCD,5,3,3,2.449489742783178,233
SCCD_k7_nc5_rf3_ra3,7,SCCD,5,3,3,2.6457513110645907,143
SCCD_k8_nc5_rf3_ra3,8,SCCD,5,3,3,2.8284271247461903,149
SCCD_k9_nc5_rf3_ra3,9,SCCD,5,3,3,3,155
SCCD_k10_nc5_rf3_ra3,10,SCCD,5,3,3,3.1622776601683795,161
FCCD_k3_nc7_rf3_ra3,3,FCCD,7,3,3,1,49
FCCD_k4_nc7_rf3_ra3,4,FCCD,7,3,3,1,79
FCCD_k5_nc7_rf3_ra3,5,FCCD,7,3,3,1,133
FCCD_k6_nc7_rf3_ra3,6,FCCD,7,3,3,1,235
FCCD_k7_nc7_rf3_ra3,7,FCCD,7,3,3,1,145
FCCD_k8_nc7_rf3_ra3,8,FCCD,7,3,3,1,151
FCCD_k9_nc7_rf3_ra3,9,FCCD,7,3,3,1,157
FCCD_k10_nc7_rf3_ra3,10,FCCD,7,3,3,1,163
RCCD_k3_nc7_rf3_ra3,3,RCCD,7,3,3,1.681792830507429,49
RCCD_k4_nc7_rf3_ra3,4,RCCD,7,3,3,2,79
RCCD_k5_nc7_rf3_ra3,5,RCCD,7,3,3,2.378414230005442,133
RCCD_k6_nc7_rf3_ra3,6,RCCD,7,3,3,2.8284271247461903,235
RCCD_k7_nc7_rf3_ra3,7,RCCD,7,3,3,3.363585661014858,145
RCCD_k8_nc7_rf3_ra3,8,RCCD,7,3,3,4,151
RCCD_k9_nc7_rf3_ra3,9,RCCD,7,3,3,4.756828460010884,157
RCCD_k10_nc7_rf3_ra3,10,RCCD,7,3,3,5.656854249492381,163
SCCD_k3_nc7_rf3_ra3,3,SCCD,7,3,3,1.7320508075688772,49
SCCD_k4_nc7_rf3_ra3,4,SCCD,7,3,3,2,79
SCCD_k5_nc7_rf3_ra3,5,SCCD,7,3,3,2.23606797749979,133
SCCD_k6_nc7_rf3_ra3,6,SCCD,7,3,3,2.449489742783178,235
SCCD_k7_nc7_rf3_ra3,7,SCCD,7,3,3,2.6457513110645907,145
SCCD_k8_nc7_rf3_ra3,8,SCCD,7,3,3,2.8284271247461903,151
SCCD_k9_nc7_rf3_ra3,9,SCCD,7,3,3,3,157
SCCD_k10_nc7_rf3_ra3,10,SCCD,7,3,3,3.1622776601683795,163
FCCD_k3_nc10_rf3_ra3,3,FCCD,10,3,3,1,52
FCCD_k4_nc10_rf3_ra3,4,FCCD,10,3,3,1,82
FCCD_k5_nc10_rf3_ra3,5,FCCD,10,3,3,1,136
FCCD_k6_nc10_rf3_ra3,6,FCCD,10,3,3,1,238
FCCD_k7_nc10_rf3_ra3,7,FCCD,10,3,3,1,148
FCCD_k8_nc10_rf3_ra3,8,FCCD,10,3,3,1,154
FCCD_k9_nc10_rf3_ra3,9,FCCD,10,3,3,1,160
FCCD_k10_nc10_rf3_ra3,10,FCCD,10,3,3,1,166
RCCD_k3_nc10_rf3_ra3,3,RCCD,10,3,3,1.681792830507429,52
RCCD_k4_nc10_rf3_ra3,4,RCCD,10,3,3,2,82
RCCD_k5_nc10_rf3_ra3,5,RCCD,10,3,3,2.378414230005442,136
RCCD_k6_nc10_rf3_ra3,6,RCCD,10,3,3,2.8284271247461903,238
RCCD_k7_nc10_rf3_ra3,7,RCCD,10,3,3,3.363585661014858,148
RCCD_k8_nc10_rf3_ra3,8,RCCD,10,3,3,4,154
RCCD_k9_nc10_rf3_ra3,9,RCCD,10,3,3,4.756828460010884,160
RCCD_k10_nc10_rf3_ra3,10,RCCD,10,3,3,5.656854249492381,166
SCCD_k3_nc10_rf3_ra3,3,SCCD,10,3,3,1.7320508075688772,52
SCCD_k4_nc10_rf3_ra3,4,SCCD,10,3,3,2,82
SCCD_k5_nc10_rf3_ra3,5,SCCD,10,3,3,2.23606797749979,136
SCCD_k6_nc10_rf3_ra3,6,SCCD,10,3,3,2.449489742783178,238
SCCD_k7_nc10_rf3_ra3,7,SCCD,10,3,3,2.6457513110645907,148
SCCD_k8_nc10_rf3_ra3,8,SCCD,10,3,3,2.8284271247461903,154
SCCD_k9_nc10_rf3_ra3,9,SCCD,10,3,3,3,160
SCCD_k10_nc10_rf3_ra3,10,SCCD,10,3,3,3.1622776601683795,166
