DesignID,Dcritical,Acritical,Gcritical
FCCD_k3_nc1_rf1_ra1,6.707446945424451,2.1305555555555555,0.7359724335835292
FCCD_k4_nc1_rf1_ra1,11.130812772344722,2.3542843691148776,0.6879017399667312
FCCD_k5_nc1_rf1_ra1,19.27968590385714,2.63240873921238,0.6824694959953325
FCCD_k6_nc1_rf1_ra1,34.53062270516323,2.954397308979364,0.7310424577190553
RCCD_k3_nc1_rf1_ra1,10.305535988698018,2.078667848504563,0.9848845168314772
RCCD_k4_nc1_rf1_ra1,19.181639976562717,1.8958333333333321,0.9943970949293275
RCCD_k5_nc1_rf1_ra1,36.70842222541133,1.5515891503131602,0.8698517795065137
RCCD_k6_nc1_rf1_ra1,72.31020939561091,0.9236328124999973,0.4807991884525151
SCCD_k3_nc1_rf1_ra1,10.669518895024307,2.0575396825396823,0.9980392749054307
SCCD_k4_nc1_rf1_ra1,19.181639976562717,1.8958333333333321,0.9875849284417911
SCCD_k5_nc1_rf1_ra1,34.468407327038655,1.7163095238095105,0.987099828347963
SCCD_k6_nc1_rf1_ra1,62.69854260653663,1.5516264619883176,0.9328759130592333
FCCD_k3_nc3_rf1_ra1,7.020399549310565,1.9778169014084508,0.7115965847811502
FCCD_k4_nc3_rf1_ra1,11.368480246515393,2.2885802469135803,0.7147344755205225
FCCD_k5_nc3_rf1_ra1,19.502703747433596,2.5966449162446437,0.732567092728282
FCCD_k6_nc3_rf1_ra1,34.77191318782025,2.93198441215737,0.7380206844204631
RCCD_k3_nc3_rf1_ra1,11.493292118967629,1.1928128437864698,0.6009307969184131
RCCD_k4_nc3_rf1_ra1,20.639245599998407,1.0624999999999998,0.4722654300774929
RCCD_k5_nc3_rf1_ra1,38.540247861623904,0.8749350273840889,0.3405402937866999
RCCD_k6_nc3_rf1_ra1,74.12260781119927,0.6370117187499993,0.24016072902308847
SCCD_k3_nc3_rf1_ra1,11.90849729452925,1.1686507936507935,0.6118059241087587
SCCD_k4_nc3_rf1_ra1,20.639245599998407,1.0624999999999998,0.494771500389386
SCCD_k5_nc3_rf1_ra1,36.3196183516481,0.9163095238095234,0.3562930686433628
SCCD_k6_nc3_rf1_ra1,65.20749110756455,0.7738486842105271,0.3165050629847571
FCCD_k3_nc5_rf1_ra1,7.242911325995266,1.9069587628865978,0.7560494837741931
FCCD_k4_nc5_rf1_ra1,11.552054396111595,2.2509439050701188,0.675087755179953
FCCD_k5_nc5_rf1_ra1,19.68407165275482,2.573517384052858,0.7036326609598896
FCCD_k6_nc5_rf1_ra1,34.975041180682055,2.91631722931065,0.772551256832408
RCCD_k3_nc5_rf1_ra1,12.093760111016271,1.0139768271800926,0.6546850448417852
RCCD_k4_nc5_rf1_ra1,21.354221130057486,0.8958333333333334,0.47222846903635163
RCCD_k5_nc5_rf1_ra1,39.459322416207314,0.7265791600945982,0.3438516398999495
RCCD_k6_nc5_rf1_ra1,75.20377890982823,0.5414713541666663,0.21726605418572717
SCCD_k3_nc5_rf1_ra1,12.532619007731105,0.9908730158730159,0.5866246968722262
SCCD_k4_nc5_rf1_ra1,21.354221130057486,0.8958333333333334,0.4608116632418995
SCCD_k5_nc5_rf1_ra1,37.21392709324472,0.7563095238095235,0.34042520156312306
SCCD_k6_nc5_rf1_ra1,66.40803969507417,0.6182931286549702,0.22038061521161378
FCCD_k3_nc7_rf1_ra1,7.416969719068783,1.8660569105691058,0.7302440777747194
FCCD_k4_nc7_rf1_ra1,11.70210734897886,2.2265555555555556,0.7099618469006882
FCCD_k5_nc7_rf1_ra1,19.837152106420557,2.5573345417870574,0.714312286687496
FCCD_k6_nc7_rf1_ra1,35.150587323330946,2.904748679184252,0.701870665035377
RCCD_k3_nc7_rf1_ra1,12.506765030375941,0.9371612086277609,0.64975018686246655
RCCD_k4_nc7_rf1_ra1,21.838640779814387,0.8244047619047619,0.47976095007597797
RCCD_k5_nc7_rf1_ra1,40.083481584522005,0.6615309831649668,0.3462074882871703
RCCD_k6_nc7_rf1_ra1,75.98043256484253,0.4937011718749997,0.20280697626674957
SCCD_k3_nc7_rf1_ra1,12.961481396815714,0.9146825396825397,0.5826609436203501
SCCD_k4_nc7_rf1_ra1,21.838640779814387,0.8244047619047619,0.5298970569694934
SCCD_k5_nc7_rf1_ra1,37.814989169482345,0.687738095238095,0.3559957583506892
SCCD_k6_nc7_rf1_ra1,67.21087027496867,0.551626461988304,0.25879231227093047
FCCD_k3_nc10_rf1_ra1,7.624080904346351,1.829320987654321,0.6828607749148753
FCCD_k4_nc10_rf1_ra1,11.886314471896496,2.2027074542897327,0.6842388979554594
FCCD_k5_nc10_rf1_ra1,20.029946997883236,2.5404967962979437,0.6820182916176133
FCCD_k6_nc10_rf1_ra1,35.37621410203448,2.8921396149884107,0.704993503338758
RCCD_k3_nc10_rf1_ra1,12.96024769389627,0.8794817372766941,0.6224225446586124
RCCD_k4_nc10_rf1_ra1,22.364150286921248,0.7708333333333333,0.47841603972279534
RCCD_k5_nc10_rf1_ra1,40.759990328324605,0.6121507698236479,0.30088526758561485
RCCD_k6_nc10_rf1_ra1,76.84951726358993,0.4546164772727272,0.21767248868073963
SCCD_k3_nc10_rf1_ra1,13.432128468564127,0.8575396825396825,0.5732488893935083
SCCD_k4_nc10_rf1_ra1,22.364150286921248,0.7708333333333333,0.4660423044753726
SCCD_k5_nc10_rf1_ra1,38.46274398347918,0.6363095238095238,0.3326420121955815
SCCD_k6_nc10_rf1_ra1,68.07250487822972,0.5016264619883042,0.23559760593792375
FCCD_k3_nc1_rf2_ra1,10.54546526885841,1.7642790262172283,0.5344488641205051
FCCD_k4_nc1_rf2_ra1,18.221355517553626,2.047356690551575,0.6149737961301737
FCCD_k5_nc1_rf2_ra1,32.4602453000377,2.3995181242807826,0.6379362222708893
FCCD_k6_nc1_rf2_ra1,59.333888891839806,2.7903985288595643,0.6753443693598318
RCCD_k3_nc1_rf2_ra1,15.275349794793,1.7906813621076265,0.9821844070962473
RCCD_k4_nc1_rf2_ra1,30.008709327871486,1.637499999999999,0.993636285647994
RCCD_k5_nc1_rf2_ra1,59.81871320961463,1.3301577458179854,0.8397555307273218
RCCD_k6_nc1_rf2_ra1,121.59535494254419,0.7380208333333325,0.44628376035887607
SCCD_k3_nc1_rf2_ra1,15.73880278986322,1.7834595959595971,0.9992458858166128
SCCD_k4_nc1_rf2_ra1,30.008709327871486,1.637499999999999,0.9868458193758155
SCCD_k5_nc1_rf2_ra1,56.37019376014278,1.5065202702702651,0.9637456078298221
SCCD_k6_nc1_rf2_ra1,105.88931185709234,1.3973462301587132,0.9955673358851804
FCCD_k3_nc3_rf2_ra1,11.026259900816104,1.6239508393285371,0.5408355802827384
FCCD_k4_nc3_rf2_ra1,18.606249633365238,1.9842360857386436,0.5737386611749923
FCCD_k5_nc3_rf2_ra1,32.833938715921825,2.3643897920813974,0.6400362390057145
FCCD_k6_nc3_rf2_ra1,59.74762347276589,2.76816338978186,0.6876599616342344
RCCD_k3_nc3_rf2_ra1,17.032613015265614,0.9123028113870467,0.35576761687180625
RCCD_k4_nc3_rf2_ra1,32.289059888188426,0.8041666666666669,0.3257133006255538
RCCD_k5_nc3_rf2_ra1,62.76920081526935,0.6670059885814096,0.31234892667842246
RCCD_k6_nc3_rf2_ra1,124.49222399250463,0.4778196839080462,0.23082443566808902
SCCD_k3_nc3_rf2_ra1,17.56644252531581,0.894570707070707,0.3429134258061211
SCCD_k4_nc3_rf2_ra1,32.289059888188426,0.8041666666666669,0.3310967216073959
SCCD_k5_nc3_rf2_ra1,59.397694368396515,0.7065202702702713,0.32631798983516197
SCCD_k6_nc3_rf2_ra1,110.12658467419634,0.6195684523809527,0.32090512614031924
FCCD_k3_nc5_rf2_ra1,11.370326232177597,1.5578703703703705,0.5214379155386738
FCCD_k4_nc5_rf2_ra1,18.90426223201959,1.9478876787256503,0.5941008899777097
FCCD_k5_nc5_rf2_ra1,33.138112404018685,2.341630320426794,0.6209157365682915
FCCD_k6_nc5_rf2_ra1,60.096037792866035,2.752609638836773,0.6919173931064597
RCCD_k3_nc5_rf2_ra1,17.921784788199428,0.7345646086279312,0.35273079274624086
RCCD_k4_nc5_rf2_ra1,33.407603082842236,0.6375000000000002,0.2905154902243016
RCCD_k5_nc5_rf2_ra1,64.25824962636464,0.5195424665112887,0.1891243864537901
RCCD_k6_nc5_rf2_ra1,126.25595890213881,0.38705184108527113,0.15897394095835682
SCCD_k3_nc5_rf2_ra1,18.487095898499906,0.7167929292929291,0.3463976565184114
SCCD_k4_nc5_rf2_ra1,33.407603082842236,0.6375000000000002,0.28083501025370616
SCCD_k5_nc5_rf2_ra1,60.86026142485717,0.5465202702702696,0.19433427311770296
SCCD_k6_nc5_rf2_ra1,112.15414797148344,0.464012896825396,0.19266157532854156
FCCD_k3_nc7_rf2_ra1,11.640363302857528,1.5194386331938634,0.5112430514602474
FCCD_k4_nc7_rf2_ra1,19.148214725939766,1.924258768110205,0.5982675747709082
FCCD_k5_nc7_rf2_ra1,33.39499781193849,2.3256849351253117,0.6163813776156069
FCCD_k6_nc7_rf2_ra1,60.39721437205406,2.7411191239316235,0.6808474242053826
RCCD_k3_nc7_rf2_ra1,18.533507852575656,0.6581779851645985,0.3459699023664078
RCCD_k4_nc7_rf2_ra1,34.16545321870268,0.5660714285714286,0.26969022056698005
RCCD_k5_nc7_rf2_ra1,65.27118523621651,0.454647396186567,0.17253540876337628
RCCD_k6_nc7_rf2_ra1,127.53328365973513,0.34087171052631543,0.11930839775754287
SCCD_k3_nc7_rf2_ra1,19.119718665487092,0.6406024531024531,0.3160236926842289
SCCD_k4_nc7_rf2_ra1,34.16545321870268,0.5660714285714286,0.25110415961869864
SCCD_k5_nc7_rf2_ra1,61.84324811692892,0.4779488416988415,0.20319177297090277
SCCD_k6_nc7_rf2_ra1,113.51001964104267,0.39734623015872966,0.13925605052022827
FCCD_k3_nc10_rf2_ra1,11.962438273904729,1.4847399150743101,0.5037619174845456
FCCD_k4_nc10_rf2_ra1,19.448042307616355,1.9010958861156404,0.591707203105994
FCCD_k5_nc10_rf2_ra1,33.71869222410368,2.309076672188859,0.6038883986886612
FCCD_k6_nc10_rf2_ra1,60.784394967522765,2.728589573104201,0.679514069339295
RCCD_k3_nc10_rf2_ra1,19.205272604584398,0.6008038185372045,0.3509229512839102
RCCD_k4_nc10_rf2_ra1,34.987586366184914,0.5125,0.24795451917965947
RCCD_k5_nc10_rf2_ra1,66.37010445527541,0.405286031232005,0.17658277230331626
RCCD_k6_nc10_rf2_ra1,128.96995039041465,0.3026842948717948,0.11318758474253639
SCCD_k3_nc10_rf2_ra1,19.813978783375745,0.583459595959596,0.3181393520654144
SCCD_k4_nc10_rf2_ra1,34.987586366184914,0.5125,0.2540724945096057
SCCD_k5_nc10_rf2_ra1,62.90259687150347,0.4265202702702702,0.17300864577265113
SCCD_k6_nc10_rf2_ra1,114.96520330909266,0.34734623015873006,0.1187112681248197
FCCD_k3_nc1_rf3_ra1,13.84361585825056,1.6351214574898782,0.4844290150970206
FCCD_k4_nc1_rf3_ra1,24.40020863190556,1.9422400756143665,0.5613089776860098
FCCD_k5_nc1_rf3_ra1,44.10227143419602,2.3209158311608267,0.6204397854735766
FCCD_k6_nc1_rf3_ra1,81.50426118769644,2.735424417718461,0.6899091390830899
RCCD_k3_nc1_rf3_ra1,19.57334066037828,1.682059896462394,0.9791465359500531
RCCD_k4_nc1_rf3_ra1,39.48145649713475,1.5446428571428572,0.986810905326328
RCCD_k5_nc1_rf3_ra1,80.2897730296175,1.2518018308117251,0.8461772277237946
RCCD_k6_nc1_rf3_ra1,165.7347604714847,0.6733774038461534,0.43970410816342587
SCCD_k3_nc1_rf3_ra1,20.122340836273356,1.680555555555554,0.9957956018956676
SCCD_k4_nc1_rf3_ra1,39.48145649713475,1.5446428571428572,0.9972045513678166
SCCD_k5_nc1_rf3_ra1,75.76962208431544,1.4332232704402352,0.9794781136730619
SCCD_k6_nc1_rf3_ra1,144.564700887202,1.3444648692810404,0.9681026007307906
FCCD_k3_nc3_rf3_ra1,14.469762742592629,1.4988387216648087,0.48228942670721586
FCCD_k4_nc3_rf3_ra1,24.913746899295187,1.8799654218533888,0.5741100625106275
FCCD_k5_nc3_rf3_ra1,44.60917938610972,2.2859971677914195,0.6153913490143176
FCCD_k6_nc3_rf3_ra1,82.07218895947064,2.713248210951102,0.6560778901563245
RCCD_k3_nc3_rf3_ra1,21.823133581469804,0.8070503424849792,0.33092472751470065
RCCD_k4_nc3_rf3_ra1,42.4816375599621,0.711309523809524,0.32826547705171805
RCCD_k5_nc3_rf3_ra1,84.23119133241211,0.5940526152843714,0.30738651039222886
RCCD_k6_nc3_rf3_ra1,169.60674783018558,0.42263335622710535,0.2296254243957856
SCCD_k3_nc3_rf3_ra1,22.45901092317347,0.7916666666666666,0.33305631708053063
SCCD_k4_nc3_rf3_ra1,42.4816375599621,0.711309523809524,0.3302558285406469
SCCD_k5_nc3_rf3_ra1,79.83901694791122,0.6332232704402515,0.3220499255310903
SCCD_k6_nc3_rf3_ra1,150.34961030477228,0.5666870915032677,0.32208453840983786
FCCD_k3_nc5_rf3_ra1,14.918838326828013,1.4343347933205586,0.44075631064720533
FCCD_k4_nc5_rf3_ra1,25.311688508863007,1.844040348964013,0.5461449482169657
FCCD_k5_nc5_rf3_ra1,45.02190752083855,2.2633592747569655,0.6259736413759646
FCCD_k6_nc5_rf3_ra1,82.55050563172927,2.697732080334565,0.6603725881367778
RCCD_k3_nc5_rf3_ra1,22.961983717817954,0.6298076674219779,0.23645427941961925
RCCD_k4_nc5_rf3_ra1,43.953267479042744,0.5446428571428572,0.1960572910155781
RCCD_k5_nc5_rf3_ra1,86.2250875569064,0.446950591246142,0.18902082950418525
RCCD_k6_nc5_rf3_ra1,171.98236891594757,0.33365966191067,0.15966120719468643
SCCD_k3_nc5_rf3_ra1,23.6360827255603,0.6138888888888887,0.23219529346396528
SCCD_k4_nc5_rf3_ra1,43.953267479042744,0.5446428571428572,0.1985906100072764
SCCD_k5_nc5_rf3_ra1,81.80491675681606,0.4732232704402515,0.1975404959845353
SCCD_k6_nc5_rf3_ra1,153.11772803508435,0.41113153594771257,0.1971578007901345
FCCD_k3_nc7_rf3_ra1,15.271693909470264,1.3967226435536295,0.4429006493277773
FCCD_k4_nc7_rf3_ra1,25.63760382877262,1.8206615661566155,0.5250282665781002
FCCD_k5_nc7_rf3_ra1,45.370540393304196,2.247492380445818,0.6195757984215696
FCCD_k6_nc7_rf3_ra1,82.96400545118405,2.686267452089673,0.7343786833089576
RCCD_k3_nc7_rf3_ra1,23.74556294419194,0.5536147318807991,0.24038997989256589
RCCD_k4_nc7_rf3_ra1,44.95034558871445,0.47321428571428553,0.16552093077690128
RCCD_k5_nc7_rf3_ra1,87.58237999985705,0.38211718205457423,0.1356062994691903
RCCD_k6_nc7_rf3_ra1,173.7082449808724,0.2880877696998126,0.11584175626395202
SCCD_k3_nc7_rf3_ra1,24.44490224684569,0.5376984126984128,0.23486391554509078
SCCD_k4_nc7_rf3_ra1,44.95034558871445,0.47321428571428553,0.1672625421437395
SCCD_k5_nc7_rf3_ra1,83.12619179960029,0.4046518418688228,0.13899191552172221
SCCD_k6_nc7_rf3_ra1,154.9688230975945,0.34446486928104664,0.13714167892909254
FCCD_k3_nc10_rf3_ra1,15.692891326897286,1.3627022119511392,0.4528089787330297
FCCD_k4_nc10_rf3_ra1,26.03832414884732,1.7977246790299573,0.5617453855051323
FCCD_k5_nc10_rf3_ra1,45.80991782902285,2.230960009447266,0.6147811018655491
FCCD_k6_nc10_rf3_ra1,83.49562234404338,2.6737642825444508,0.6295503198022001
RCCD_k3_nc10_rf3_ra1,24.606103048483888,0.4963784218835663,0.22822422947562676
RCCD_k4_nc10_rf3_ra1,46.03199870956445,0.41964285714285715,0.1845461448592348
RCCD_k5_nc10_rf3_ra1,89.05545136272734,0.3327627735779372,0.11978389388620378
RCCD_k6_nc10_rf3_ra1,175.65329290067717,0.2502468234890108,0.08460702649132466
SCCD_k3_nc10_rf3_ra1,25.332526223568024,0.48055555555555557,0.24284883031739812
SCCD_k4_nc10_rf3_ra1,46.03199870956445,0.41964285714285715,0.19162121320641867
SCCD_k5_nc10_rf3_ra1,84.55010840224915,0.3532232704402514,0.13871779221851288
SCCD_k6_nc10_rf3_ra1,156.95550322628884,0.29446486928104537,0.09433128426277844
FCCD_k3_nc1_rf1_ra2,8.598166048889416,1.439102564102564,0.683864223000932
FCCD_k4_nc1_rf1_ra2,13.685490935125147,1.4818322981366459,0.5263821836652773
FCCD_k5_nc1_rf1_ra2,22.97417236167266,1.5494901547116737,0.44897283537081023
FCCD_k6_nc1_rf1_ra2,40.23792078284906,1.6428813607057435,0.43505325508415216
RCCD_k3_nc1_rf1_ra2,13.591267464395784,1.945083444608075,0.9819384091333581
RCCD_k4_nc1_rf1_ra2,24.251465064166368,1.804687500000002,0.9972874164547415
RCCD_k5_nc1_rf1_ra2,44.92856686805045,1.4287919853461446,0.8284267629367471
RCCD_k6_nc1_rf1_ra2,86.58703387976556,0.7545072115384607,0.3751110923323526
SCCD_k3_nc1_rf1_ra2,14.1355144857359,1.9305555555555542,0.9971540794913318
SCCD_k4_nc1_rf1_ra2,24.251465064166368,1.804687500000002,0.9957624648678376
SCCD_k5_nc1_rf1_ra2,41.80819532649441,1.652499999999987,0.9755823779427417
SCCD_k6_nc1_rf1_ra2,73.60885671117036,1.5058396464646482,0.9485930070585491
FCCD_k3_nc3_rf1_ra2,8.865984225703684,1.365566037735849,0.7025782128195756
FCCD_k4_nc3_rf1_ra2,13.861417048861687,1.457051282051282,0.5266171287844494
FCCD_k5_nc3_rf1_ra2,23.125936662298173,1.5376093613298338,0.4544966797323227
FCCD_k6_nc3_rf1_ra2,40.393775615438585,1.6359365765079168,0.41151501628548737
RCCD_k3_nc3_rf1_ra2,15.15271498821172,1.0604462128337224,0.5392174216264917
RCCD_k4_nc3_rf1_ra2,26.094324793432214,0.9713541666666664,0.43131199251013286
RCCD_k5_nc3_rf1_ra2,47.086453255401565,0.808418914565996,0.30896674643550853
RCCD_k6_nc3_rf1_ra2,88.36948185857688,0.5647078804347822,0.23045544719196726
SCCD_k3_nc3_rf1_ra2,15.776975294421783,1.0416666666666663,0.5084367202875667
SCCD_k4_nc3_rf1_ra2,26.094324793432214,0.9713541666666664,0.43685782771992215
SCCD_k5_nc3_rf1_ra2,44.053607810253666,0.8524999999999984,0.32855080728903685
SCCD_k6_nc3_rf1_ra2,76.55439297134825,0.7280618686868702,0.31929528793823353
FCCD_k3_nc5_rf1_ra2,9.076258313876897,1.3227611940298507,0.6501101012191007
FCCD_k4_nc5_rf1_ra2,14.010738318858516,1.4396288209606987,0.5471181273515844
FCCD_k5_nc5_rf1_ra2,23.26007008755407,1.528446071594607,0.43835612689219866
FCCD_k6_nc5_rf1_ra2,40.534913756223354,1.630284155028918,0.4069632415887827
RCCD_k3_nc5_rf1_ra2,15.943305178275203,0.8811458318178101,0.5155116929633183
RCCD_k4_nc5_rf1_ra2,26.998272741060646,0.8046875000000001,0.4429749370305846
RCCD_k5_nc5_rf1_ra2,48.19002399771534,0.6660133948893893,0.2805353010324496
RCCD_k6_nc5_rf1_ra2,89.5162359386057,0.4899384469696965,0.22407547195947727
SCCD_k3_nc5_rf1_ra2,16.603843085240484,0.8638888888888888,0.49655560633765183
SCCD_k4_nc5_rf1_ra2,26.998272741060646,0.8046875000000001,0.43133386425996545
SCCD_k5_nc5_rf1_ra2,45.138352869580324,0.6924999999999992,0.3188507158856532
SCCD_k6_nc5_rf1_ra2,77.96385171279567,0.5725063131313136,0.2070342649460263
FCCD_k3_nc7_rf1_ra2,9.250130700826237,1.2947530864197532,0.6486438370461823
FCCD_k4_nc7_rf1_ra2,14.140639139885598,1.4267110266159695,0.5084965151285744
FCCD_k5_nc7_rf1_ra2,23.38031885496383,1.5211636072868864,0.45102149913221024
FCCD_k6_nc7_rf1_ra2,40.663915235062284,1.6255940589267739,0.44699079582784296
RCCD_k3_nc7_rf1_ra2,16.487299899595868,0.8040571923827861,0.5519056636417625
RCCD_k4_nc7_rf1_ra2,27.61072747521422,0.7332589285714285,0.4208709714986178
RCCD_k5_nc7_rf1_ra2,48.94363478110754,0.6028127105428144,0.31123256600883026
RCCD_k6_nc7_rf1_ra2,90.36647270705905,0.44994549418604646,0.21722407092608273
SCCD_k3_nc7_rf1_ra2,17.172021516989638,0.7876984126984127,0.49065631363692425
SCCD_k4_nc7_rf1_ra2,27.61072747521422,0.7332589285714285,0.4579904238467515
SCCD_k5_nc7_rf1_ra2,45.86740659255224,0.6239285714285712,0.3193154561037148
SCCD_k6_nc7_rf1_ra2,78.90638464357929,0.5058396464646464,0.23744395544953534
FCCD_k3_nc10_rf1_ra2,9.465844906735995,1.267156862745098,0.6244794930001638
FCCD_k4_nc10_rf1_ra2,14.30871497630967,1.412579617834395,0.5264170304821114
FCCD_k5_nc10_rf1_ra2,23.540277561730537,1.512668715353097,0.4493098948649636
FCCD_k6_nc10_rf1_ra2,40.83880984312522,1.6198865587090867,0.3963233567189786
RCCD_k3_nc10_rf1_ra2,17.084744513261644,0.7461436213695807,0.5423042938422787
RCCD_k4_nc10_rf1_ra2,28.275132368021136,0.6796875,0.4490480350355949
RCCD_k5_nc10_rf1_ra2,49.762983524480504,0.5545203522186986,0.27892656383715025
RCCD_k6_nc10_rf1_ra2,91.33742059114834,0.4158135775862067,0.2303498320716477
SCCD_k3_nc10_rf1_ra2,17.795558394877485,0.7305555555555555,0.5036903431484274
SCCD_k4_nc10_rf1_ra2,28.275132368021136,0.6796875,0.3917216695396037
SCCD_k5_nc10_rf1_ra2,46.65309592047232,0.5724999999999998,0.2967038651796612
SCCD_k6_nc10_rf1_ra2,79.9179542178012,0.45583964646464636,0.22480637723474947
FCCD_k3_nc1_rf2_ra2,13.207239804288426,1.100487012987013,0.36578355236979165
FCCD_k4_nc1_rf2_ra2,22.116869634578766,1.1895768431983385,0.36616567385792476
FCCD_k5_nc1_rf2_ra2,38.429698568919775,1.3223133484162897,0.35379050727610706
FCCD_k6_nc1_rf2_ra2,68.92492770839614,1.4807970705061222,0.36893654057848513
RCCD_k3_nc1_rf2_ra2,19.253074353602894,1.6909866004614433,0.9748765327971266
RCCD_k4_nc1_rf2_ra2,36.63085576170666,1.5729166666666605,0.9935951016339262
RCCD_k5_nc1_rf2_ra2,71.38622828897968,1.199640545867769,0.7782751130722487
RCCD_k6_nc1_rf2_ra2,143.14214375313182,0.5573567708333308,0.320739326976591
SCCD_k3_nc1_rf2_ra2,19.910026265766064,1.6954365079365046,0.9981151275211934
SCCD_k4_nc1_rf2_ra2,36.63085576170666,1.5729166666666605,0.9893868563315374
SCCD_k5_nc1_rf2_ra2,66.69855888803113,1.4581547619047583,0.9809490364299668
SCCD_k6_nc1_rf2_ra2,122.3309561969647,1.3591465643274874,0.9704748611558698
FCCD_k3_nc3_rf2_ra2,13.597113205333873,1.0389563106796116,0.3559610338265562
FCCD_k4_nc3_rf2_ra2,22.394294588382074,1.1668281653746768,0.3334722422392133
FCCD_k5_nc3_rf2_ra2,38.68086987345389,1.3108764914805702,0.34225084583794324
FCCD_k6_nc3_rf2_ra2,69.19066409394962,1.473967793006808,0.3872079039149024
RCCD_k3_nc3_rf2_ra2,21.455611801205116,0.8187326406456823,0.32930495382353175
RCCD_k4_nc3_rf2_ra2,39.414420744407025,0.7395833333333327,0.329690652234674
RCCD_k5_nc3_rf2_ra2,74.71542890938856,0.6130542971595834,0.304019575716747
RCCD_k6_nc3_rf2_ra2,145.77756332804606,0.4044921874999992,0.19799039021556594
SCCD_k3_nc3_rf2_ra2,22.222041710845218,0.806547619047619,0.3327835633324954
SCCD_k4_nc3_rf2_ra2,39.414420744407025,0.7395833333333327,0.3316149540422745
SCCD_k5_nc3_rf2_ra2,70.28076987815805,0.6581547619047605,0.32734089188152754
SCCD_k6_nc3_rf2_ra2,127.22615880327983,0.581368786549708,0.3265237142968396
FCCD_k3_nc5_rf2_ra2,13.906631984120233,1.0022286821705426,0.3434684776964262
FCCD_k4_nc5_rf2_ra2,22.63062436413304,1.1507082413539367,0.33984986310521353
FCCD_k5_nc5_rf2_ra2,38.903134502845745,1.3020327357675048,0.34468794981547113
FCCD_k6_nc5_rf2_ra2,69.4314129005131,1.4684043503765143,0.3756232106875181
RCCD_k3_nc5_rf2_ra2,22.57305092798902,0.6410106308101752,0.30589243295225405
RCCD_k4_nc5_rf2_ra2,40.779797508163625,0.572916666666667,0.24579595386214387
RCCD_k5_nc5_rf2_ra2,76.44279769496745,0.47368503319343375,0.1893279148891097
RCCD_k6_nc5_rf2_ra2,147.53992051009294,0.33897879464285646,0.1379604131633124
SCCD_k3_nc5_rf2_ra2,23.386694009148822,0.6287698412698414,0.28293833607289537
SCCD_k4_nc5_rf2_ra2,40.779797508163625,0.572916666666667,0.23646168361040762
SCCD_k5_nc5_rf2_ra2,72.01131413277093,0.4981547619047616,0.19459019225152585
SCCD_k6_nc5_rf2_ra2,129.56854589180625,0.4258132309941524,0.19577305091444014
FCCD_k3_nc7_rf2_ra2,14.164334055029062,0.9778225806451613,0.36694143260096995
FCCD_k4_nc7_rf2_ra2,22.836759578698423,1.1386881824020552,0.3432764126121861
FCCD_k5_nc7_rf2_ra2,39.10258326704323,1.294989971161312,0.34331637565717843
FCCD_k6_nc7_rf2_ra2,69.65153809476277,1.4637846514752002,0.37038292583942195
RCCD_k3_nc7_rf2_ra2,23.34236505760856,0.5645035421273192,0.3130607183116691
RCCD_k4_nc7_rf2_ra2,41.704885578842834,0.5014880952380952,0.2416229810576788
RCCD_k5_nc7_rf2_ra2,77.62748282318606,0.41124579461060834,0.15848984466383945
RCCD_k6_nc7_rf2_ra2,148.87012804228962,0.30258246527777755,0.1196658760218237
SCCD_k3_nc7_rf2_ra2,24.18697952483931,0.552579365079365,0.29859790355104254
SCCD_k4_nc7_rf2_ra2,41.704885578842834,0.5014880952380952,0.2294610811872442
SCCD_k5_nc7_rf2_ra2,73.1744074520218,0.4295833333333334,0.16165935542161092
SCCD_k6_nc7_rf2_ra2,131.13494645583492,0.35914656432748565,0.13940431760524724
FCCD_k3_nc10_rf2_ra2,14.485822651990533,0.9534793814432989,0.34235100185111195
FCCD_k4_nc10_rf2_ra2,23.1041087922232,1.1254719525350594,0.34860024585977883
FCCD_k5_nc10_rf2_ra2,39.368143305509555,1.286758692026429,0.3492478494494207
FCCD_k6_nc10_rf2_ra2,69.95008236136414,1.458158614655325,0.4013443242038246
RCCD_k3_nc10_rf2_ra2,24.18752022203257,0.5069884135900465,0.31375512662975447
RCCD_k4_nc10_rf2_ra2,42.70844226011501,0.4479166666666667,0.24495785132324988
RCCD_k5_nc10_rf2_ra2,78.91864483241456,0.36328958004729905,0.151103689672302
RCCD_k6_nc10_rf2_ra2,150.40755781965672,0.2707356770833331,0.1263115067913655
SCCD_k3_nc10_rf2_ra2,25.06523801546222,0.49543650793650795,0.30772332865411073
SCCD_k4_nc10_rf2_ra2,42.70844226011501,0.4479166666666667,0.24889701251498403
SCCD_k5_nc10_rf2_ra2,74.42785418648937,0.3781547619047618,0.17007612304568748
SCCD_k6_nc10_rf2_ra2,132.81607939014864,0.3091465643274851,0.11723221384751112
FCCD_k3_nc1_rf3_ra2,17.17507188131808,0.9777950310559007,0.30163415547420314
FCCD_k4_nc1_rf3_ra2,29.475174803001806,1.0875779625779627,0.31393747482064815
FCCD_k5_nc1_rf3_ra2,52.092817502121406,1.244842587004627,0.326407820997823
FCCD_k6_nc1_rf3_ra2,94.5774068109379,1.4261866455660668,0.36815443599640985
RCCD_k3_nc1_rf3_ra2,24.1181534223883,1.592356533906698,0.9699279415822919
RCCD_k4_nc1_rf3_ra2,47.41653493819587,1.4882812500000044,0.9864845940049982
RCCD_k5_nc1_rf3_ra2,94.77987508245498,1.114645753980726,0.7683006404490328
RCCD_k6_nc1_rf3_ra2,193.7614158705265,0.4871651785714286,0.2971919847792104
SCCD_k3_nc1_rf3_ra2,24.86319856811408,1.6064814814814878,0.9983810215469278
SCCD_k4_nc1_rf3_ra2,47.41653493819587,1.4882812500000044,0.981094519888637
SCCD_k5_nc1_rf3_ra2,88.71978670816081,1.3889942528735781,0.9871525861642589
SCCD_k6_nc1_rf3_ra2,165.9676765880088,1.3080632716049394,0.966097740686343
FCCD_k3_nc3_rf3_ra2,17.67249723547661,0.9200513538748832,0.293546062353867
FCCD_k4_nc3_rf3_ra2,29.841818767203897,1.0654809352995882,0.3106928495685134
FCCD_k5_nc3_rf3_ra2,52.43207098285153,1.2335505529225907,0.33525044624801953
FCCD_k6_nc3_rf3_ra2,94.94148070677217,1.419395441474631,0.3739621399027255
RCCD_k3_nc3_rf3_ra2,26.870974844514386,0.726672035266474,0.32992666108454743
RCCD_k4_nc3_rf3_ra2,51.01969963392565,0.6549479166666663,0.330650227419804
RCCD_k5_nc3_rf3_ra2,99.14036458103038,0.5429508860834652,0.29844000967184875
RCCD_k6_nc3_rf3_ra2,197.16591034163997,0.34744086779448596,0.186991969441327
SCCD_k3_nc3_rf3_ra2,27.750392102478724,0.7175925925925919,0.3321478100708397
SCCD_k4_nc3_rf3_ra2,51.01969963392565,0.6549479166666663,0.33167849370451824
SCCD_k5_nc3_rf3_ra2,93.48470217689267,0.5889942528735619,0.3298818152071206
SCCD_k6_nc3_rf3_ra2,172.60904871698628,0.5302854938271603,0.32591032063404074
FCCD_k3_nc5_rf3_ra2,18.068916712363006,0.8852842183994017,0.27978091867249744
FCCD_k4_nc5_rf3_ra2,30.154534518188044,1.0497812748551303,0.30614296826172693
FCCD_k5_nc5_rf3_ra2,52.732403825707735,1.224811225284135,0.31618323678153903
FCCD_k6_nc5_rf3_ra2,95.2713681038842,1.4138613441773826,0.3563309314105065
RCCD_k3_nc5_rf3_ra2,28.269106514172485,0.5497917809923235,0.21978843283323268
RCCD_k4_nc5_rf3_ra2,52.78710128688256,0.48828125000000006,0.19738046728775444
RCCD_k5_nc5_rf3_ra2,101.41779789608516,0.40497431092614744,0.18679533935454876
RCCD_k6_nc5_rf3_ra2,199.4777257368504,0.28553769213381575,0.13447533848943227
SCCD_k3_nc5_rf3_ra2,29.204784023865713,0.5398148148148147,0.22664665319354696
SCCD_k4_nc5_rf3_ra2,52.78710128688256,0.48828125000000006,0.19832119337337842
SCCD_k5_nc5_rf3_ra2,95.7866037429523,0.4289942528735633,0.1949912183279776
SCCD_k6_nc5_rf3_ra2,175.78698956563392,0.37472993827160567,0.19486486036167325
FCCD_k3_nc7_rf3_ra2,18.399767172167568,0.8620555208983156,0.28693585905752605
FCCD_k4_nc7_rf3_ra2,30.427539235490027,1.0380521091811417,0.2970176910410563
FCCD_k5_nc7_rf3_ra2,53.00199370246391,1.2178469016645685,0.3308243670213515
FCCD_k6_nc7_rf3_ra2,95.57303189557602,1.4092648720414442,0.3616855024015951
RCCD_k3_nc7_rf3_ra2,29.23194844319033,0.47359512059651543,0.22047006878940534
RCCD_k4_nc7_rf3_ra2,53.98457456213493,0.4168526785714286,0.17693763145673178
RCCD_k5_nc7_rf3_ra2,102.98287055350717,0.34288722911056907,0.13302901276439347
RCCD_k6_nc7_rf3_ra2,201.23564878730804,0.2506022365629425,0.10494695263848727
SCCD_k3_nc7_rf3_ra2,30.20416280027703,0.4636243386243385,0.2029977103402152
SCCD_k4_nc7_rf3_ra2,53.98457456213493,0.4168526785714286,0.17450461088713215
SCCD_k5_nc7_rf3_ra2,97.3337045038377,0.360422824302135,0.1402899625467109
SCCD_k6_nc7_rf3_ra2,177.91214145114216,0.3080632716049381,0.13935922557487634
FCCD_k3_nc10_rf3_ra2,18.813317403307998,0.8387862137862138,0.29206338789971925
FCCD_k4_nc10_rf3_ra2,30.781901609481054,1.0251334890705823,0.31311058996174523
FCCD_k5_nc10_rf3_ra2,53.36105654555287,1.2097019907744597,0.3254519655210413
FCCD_k6_nc10_rf3_ra2,95.98221217587866,1.4036657234415224,0.34648219515384043
RCCD_k3_nc10_rf3_ra2,30.289879845571594,0.41629276009470895,0.21833211814210665
RCCD_k4_nc10_rf3_ra2,55.28362093848926,0.36328125000000006,0.16178987048920687
RCCD_k5_nc10_rf3_ra2,104.69055203384056,0.2950866757305394,0.11437388863206209
RCCD_k6_nc10_rf3_ra2,203.27784150805775,0.21970782249466955,0.08306382006877647
SCCD_k3_nc10_rf3_ra2,31.30091249588318,0.4064814814814814,0.20534093453861343
SCCD_k4_nc10_rf3_ra2,55.28362093848926,0.36328125000000006,0.16590274906390493
SCCD_k5_nc10_rf3_ra2,99.00098980633858,0.30899425287356297,0.12241972324716122
SCCD_k6_nc10_rf3_ra2,180.19295193295014,0.25806327160493814,0.095436306172991
FCCD_k3_nc1_rf1_ra3,10.116515571169497,1.1793758043758042,0.6214450674740744
FCCD_k4_nc1_rf1_ra3,15.605610018596762,1.1756618649016937,0.5008042004404479
FCCD_k5_nc1_rf1_ra3,25.60073077655058,1.1814682823488616,0.38900731052218684
FCCD_k6_nc1_rf1_ra3,44.13384557472507,1.2025717681967683,0.32104665806157756
RCCD_k3_nc1_rf1_ra3,16.329806277194233,1.885343351748233,0.9781839605235404
RCCD_k4_nc1_rf1_ra3,28.33084770652228,1.7625000000000017,0.9834955942610406
RCCD_k5_nc1_rf1_ra3,51.3357368628891,1.36353291971148,0.7948543639748517
RCCD_k6_nc1_rf1_ra3,97.3399100981086,0.6781374007936495,0.32202377822235
SCCD_k3_nc1_rf1_ra3,17.02578766037914,1.8735754985754967,0.996876825700649
SCCD_k4_nc1_rf1_ra3,28.33084770652228,1.7625000000000017,0.9849568503387267
SCCD_k5_nc1_rf1_ra3,47.49280880743521,1.6230376344085857,0.9852536805560456
SCCD_k6_nc1_rf1_ra3,81.70606063657605,1.4858564814814872,0.9407320767883914
FCCD_k3_nc3_rf1_ra3,10.36145076571464,1.131838905775076,0.6116072240481163
FCCD_k4_nc3_rf1_ra3,15.751596448981847,1.162032334518368,0.5487266461664685
FCCD_k5_nc3_rf1_ra3,25.720002071755047,1.175451496388029,0.38246940982306765
FCCD_k6_nc3_rf1_ra3,44.25250401757877,1.1991979208117787,0.3436647948882547
RCCD_k3_nc3_rf1_ra3,18.202552446393998,1.001361795079644,0.4343538974468671
RCCD_k4_nc3_rf1_ra3,30.483698191891847,0.9291666666666674,0.4223390873271273
RCCD_k5_nc3_rf1_ra3,53.74411438699797,0.7753206588279022,0.3026566199935089
RCCD_k6_nc3_rf1_ra3,99.13205528866389,0.5277901785714271,0.21541764317072584
SCCD_k3_nc3_rf1_ra3,19.002876163929653,0.9846866096866096,0.4815974446558533
SCCD_k4_nc3_rf1_ra3,30.483698191891847,0.9291666666666674,0.4264656159779769
SCCD_k5_nc3_rf1_ra3,50.04352751108201,0.8230376344086014,0.3278600151069359
SCCD_k6_nc3_rf1_ra3,84.97561507654898,0.708078703703703,0.32133989765345766
FCCD_k3_nc5_rf1_ra3,10.563267248330385,1.1009816207184628,0.6283978789350777
FCCD_k4_nc5_rf1_ra3,15.880793690472835,1.1515463531526136,0.5356309742103132
FCCD_k5_nc5_rf1_ra3,25.829143289025655,1.170458581743955,0.38454212695083384
FCCD_k6_nc5_rf1_ra3,44.36314842850426,1.196279761904762,0.3171191909815404
RCCD_k3_nc5_rf1_ra3,19.151558355176842,0.8218006569408478,0.4682447110226675
RCCD_k4_nc5_rf1_ra3,31.539700852808398,0.7625000000000001,0.40182428139328275
RCCD_k5_nc5_rf1_ra3,54.990096200691546,0.6365250238004645,0.2976920041295575
RCCD_k6_nc5_rf1_ra3,100.33049821513733,0.4633556547619041,0.19573496085361397
SCCD_k3_nc5_rf1_ra3,19.998812706875583,0.8069088319088319,0.49554947680277767
SCCD_k4_nc5_rf1_ra3,31.539700852808398,0.7625000000000001,0.4207687196194927
SCCD_k5_nc5_rf1_ra3,51.27576414088846,0.6630376344086018,0.29839132422367903
SCCD_k6_nc5_rf1_ra3,86.54011867759421,0.5525231481481483,0.20986657347450366
FCCD_k3_nc7_rf1_ra3,10.735400774716426,1.0793354655294953,0.5858256903972787
FCCD_k4_nc7_rf1_ra3,15.99676637953051,1.1432288169732778,0.5302019151802486
FCCD_k5_nc7_rf1_ra3,25.929774736788097,1.1662486844177047,0.36057965348530957
FCCD_k6_nc7_rf1_ra3,44.46680957992709,1.193730810450701,0.3190990558666458
RCCD_k3_nc7_rf1_ra3,19.804705209532564,0.7445590258276485,0.49472685365806407
RCCD_k4_nc7_rf1_ra3,32.255177701507385,0.6910714285714286,0.4628714649630197
RCCD_k5_nc7_rf1_ra3,55.843885030649524,0.5744614435236107,0.29105544061098476
RCCD_k6_nc7_rf1_ra3,101.2350695608004,0.42755869708994676,0.1938752904326377
SCCD_k3_nc7_rf1_ra3,20.683165960655632,0.7307183557183557,0.48979725892109793
SCCD_k4_nc7_rf1_ra3,32.255177701507385,0.6910714285714286,0.4005101717661759
SCCD_k5_nc7_rf1_ra3,52.10394648181609,0.5944662058371734,0.3214863637485604
SCCD_k6_nc7_rf1_ra3,87.58633317181946,0.4858564814814811,0.19553295206365898
FCCD_k3_nc10_rf1_ra3,10.95449009863979,1.0567653890824622,0.5898914131505902
FCCD_k4_nc10_rf1_ra3,16.151272380099496,1.1335445245291793,0.5245238943926418
FCCD_k5_nc10_rf1_ra3,26.0674441998772,1.1610414720232536,0.35980844236918974
FCCD_k6_nc10_rf1_ra3,44.611011124724214,1.190459656084656,0.31123590929430395
RCCD_k3_nc10_rf1_ra3,20.522116006696965,0.6865143361025048,0.5071243562392119
RCCD_k4_nc10_rf1_ra3,33.03134333866695,0.6375,0.4141511274962606
RCCD_k5_nc10_rf1_ra3,56.77395063592277,0.5268434906908366,0.2915456662595909
RCCD_k6_nc10_rf1_ra3,102.28055674149508,0.39623635912698396,0.20598693334031093
SCCD_k3_nc10_rf1_ra3,21.434196741462863,0.6735754985754986,0.4952265767420183
SCCD_k4_nc10_rf1_ra3,33.03134333866695,0.6375,0.40326548734250695
SCCD_k5_nc10_rf1_ra3,52.996465107447904,0.543037634408602,0.27594656673490275
SCCD_k6_nc10_rf1_ra3,88.70917855568138,0.43585648148148143,0.1902982178507427
FCCD_k3_nc1_rf2_ra3,15.266534383262451,0.8603933167289332,0.36278177181294374
FCCD_k4_nc1_rf2_ra3,24.943908932106286,0.8953410311493017,0.2807113004857501
FCCD_k5_nc1_rf2_ra3,42.568238310672854,0.9594147898726724,0.2692341165510608
FCCD_k6_nc1_rf2_ra3,75.37273466565239,1.042308067185102,0.27157303215140255
RCCD_k3_nc1_rf2_ra3,22.511750225766967,1.645719343332518,0.9670663645453629
RCCD_k4_nc1_rf2_ra3,41.81970000109672,1.544642857142859,0.9920028313082929
RCCD_k5_nc1_rf2_ra3,80.14016231294782,1.1238378179885096,0.7465246882437501
RCCD_k6_nc1_rf2_ra3,158.86258605537782,0.4760890151515133,0.2665175078789874
SCCD_k3_nc1_rf2_ra3,23.33557137138392,1.6559095860566395,0.9945591107945189
SCCD_k4_nc1_rf2_ra3,41.81970000109672,1.544642857142859,0.9908567031192504
SCCD_k5_nc1_rf2_ra3,74.4070996484237,1.4382358156028348,0.9600737176818624
SCCD_k6_nc1_rf2_ra3,134.03903827065068,1.3446039408310682,0.9334340105808442
FCCD_k3_nc3_rf2_ra3,15.606744242993562,0.8238636363636364,0.36207834804089134
FCCD_k4_nc3_rf2_ra3,25.168529418395718,0.8833734865332344,0.2942310983874914
FCCD_k5_nc3_rf2_ra3,42.763306850900094,0.9537386669073695,0.2625603162510515
FCCD_k6_nc3_rf2_ra3,75.57393632381641,1.0390196550874011,0.26777988336026193
RCCD_k3_nc3_rf2_ra3,25.077571057866265,0.777475083334491,0.3299277569536455
RCCD_k4_nc3_rf2_ra3,44.997563310306624,0.7113095238095242,0.33107456817705494
RCCD_k5_nc3_rf2_ra3,83.73188211665045,0.5860161007103203,0.2916871831535606
RCCD_k6_nc3_rf2_ra3,161.35173377650796,0.3663519385026731,0.16962249058501352
SCCD_k3_nc3_rf2_ra3,26.04537198692371,0.7670206971677562,0.3312137021239403
SCCD_k4_nc3_rf2_ra3,44.997563310306624,0.7113095238095242,0.32987893764233056
SCCD_k5_nc3_rf2_ra3,78.40331687631765,0.6382358156028365,0.3291519430181001
SCCD_k6_nc3_rf2_ra3,139.4027521652271,0.5668261630532992,0.32063616484419233
FCCD_k3_nc5_rf2_ra3,15.890985228373053,0.799398804559355,0.35065239562349204
FCCD_k4_nc5_rf2_ra3,25.368170372795518,0.87408092269874,0.29458287172769626
FCCD_k5_nc5_rf2_ra3,42.942055833823936,0.9490146489519399,0.266866089149287
FCCD_k6_nc5_rf2_ra3,75.76163937546738,1.0361725487484554,0.27768196104688336
RCCD_k3_nc5_rf2_ra3,26.38160496279531,0.5997607705866341,0.28183447120950955
RCCD_k4_nc5_rf2_ra3,46.556348805797555,0.5446428571428572,0.236049987364089
RCCD_k5_nc5_rf2_ra3,85.63150319485841,0.45229868236355797,0.18373906855483726
RCCD_k6_nc5_rf2_ra3,163.10308256625956,0.31386898880105374,0.12584431150923392
SCCD_k3_nc5_rf2_ra3,27.41040418061,0.5892429193899783,0.27384801285539334
SCCD_k4_nc5_rf2_ra3,46.556348805797555,0.5446428571428572,0.2289290138758186
SCCD_k5_nc5_rf2_ra3,80.333865016273,0.4782358156028369,0.19721760841336808
SCCD_k6_nc5_rf2_ra3,141.9693250292383,0.41127060749774136,0.19251833340162286
FCCD_k3_nc7_rf2_ra3,16.13572732716869,0.7818688857074685,0.34814114054698386
FCCD_k4_nc7_rf2_ra3,25.547978588462808,0.8666566312630789,0.27658712035595345
FCCD_k5_nc7_rf2_ra3,43.107059586387265,0.9450217156646662,0.2682587731149645
FCCD_k6_nc7_rf2_ra3,75.93756923152868,1.0336834991657604,0.25739724886003224
RCCD_k3_nc7_rf2_ra3,27.27980925785825,0.5231722273073688,0.27426558607873114
RCCD_k4_nc7_rf2_ra3,47.61247771094973,0.47321428571428553,0.2165032700245578
RCCD_k5_nc7_rf2_ra3,86.9420202260483,0.39161504183320073,0.16670669645761477
RCCD_k6_nc7_rf2_ra3,164.45895713507002,0.2831031217345867,0.11717608404714959
SCCD_k3_nc7_rf2_ra3,28.34837982763316,0.5130524431995022,0.28337505459677914
SCCD_k4_nc7_rf2_ra3,47.61247771094973,0.47321428571428553,0.21686327815952125
SCCD_k5_nc7_rf2_ra3,81.6313803141852,0.4096643870314083,0.1448755077036694
SCCD_k6_nc7_rf2_ra3,143.68564305434188,0.34460394083107443,0.13943540690002795
FCCD_k3_nc10_rf2_ra3,16.449785764455324,0.7632575757575758,0.3594397396085932
FCCD_k4_nc10_rf2_ra3,25.78831051371545,0.8579522061346326,0.28055359261938334
FCCD_k5_nc10_rf2_ra3,43.33306494169205,0.9400704614044683,0.2664020581658355
FCCD_k6_nc10_rf2_ra3,76.18241234643327,1.0304862623131559,0.2731256838892655
RCCD_k3_nc10_rf2_ra3,28.266818484214777,0.4655622244305693,0.2678488834844714
RCCD_k4_nc10_rf2_ra3,48.75819048429891,0.41964285714285715,0.22518855405224394
RCCD_k5_nc10_rf2_ra3,88.37512582328492,0.344675714450622,0.16135337997775787
RCCD_k6_nc10_rf2_ra3,166.05420387724587,0.25517095295055797,0.11239707846680712
SCCD_k3_nc10_rf2_ra3,29.377743798171675,0.4559095860566449,0.2627121223797383
SCCD_k4_nc10_rf2_ra3,48.75819048429891,0.41964285714285715,0.224607196179609
SCCD_k5_nc10_rf2_ra3,83.02969142660494,0.3582358156028369,0.1620496595502524
SCCD_k6_nc10_rf2_ra3,145.5276742844231,0.2946039408310747,0.1118225864099106
FCCD_k3_nc1_rf3_ra3,19.696441651358572,0.743348623853211,0.2448711024169578
FCCD_k4_nc1_rf3_ra3,33.09827509021154,0.796206690561529,0.22869712856416075
FCCD_k5_nc1_rf3_ra3,57.576682933553315,0.8830357900736052,0.2534572492908298
FCCD_k6_nc1_rf3_ra3,103.31673322113687,0.9880595143807391,0.24313968499200464
RCCD_k3_nc1_rf3_ra3,27.76380471209866,1.551877728385572,0.965529238222307
RCCD_k4_nc1_rf3_ra3,53.48092454365149,1.465277777777778,0.9875537397177765
RCCD_k5_nc1_rf3_ra3,105.50441570171128,1.0314670738453526,0.7059765063349266
RCCD_k6_nc1_rf3_ra3,213.81191355569382,0.40341796875000197,0.24535717157014503
SCCD_k3_nc1_rf3_ra3,28.678337149283713,1.574735449735441,0.9991360039218237
SCCD_k4_nc1_rf3_ra3,53.48092454365149,1.465277777777778,0.9810237224086099
SCCD_k5_nc1_rf3_ra3,98.13465759686922,1.3721031746031644,0.9654922699950532
SCCD_k6_nc1_rf3_ra3,180.85838811827853,1.294986598440531,0.9569109864104273
FCCD_k3_nc3_rf3_ra3,20.122340836273356,0.7101851851851853,0.242073519575406
FCCD_k4_nc3_rf3_ra3,33.392438317034134,0.7847614563716259,0.23483834833320957
FCCD_k5_nc3_rf3_ra3,57.839057711571414,0.8774695797374599,0.23791873679377323
FCCD_k6_nc3_rf3_ra3,103.59186811548956,0.9847991029931213,0.24624375903521412
RCCD_k3_nc3_rf3_ra3,30.91660796609404,0.692889282834857,0.32879428304376584
RCCD_k4_nc3_rf3_ra3,57.5449199296881,0.6319444444444448,0.3326970005135129
RCCD_k5_nc3_rf3_ra3,110.12526667623425,0.51719638343772,0.2943894547001883
RCCD_k6_nc3_rf3_ra3,216.93062818683273,0.3078776041666665,0.16180183087013844
SCCD_k3_nc3_rf3_ra3,32.00855668507294,0.6858465608465613,0.33261310398695526
SCCD_k4_nc3_rf3_ra3,57.5449199296881,0.6319444444444448,0.33210750151473595
SCCD_k5_nc3_rf3_ra3,103.40522198111613,0.5721031746031735,0.32199345193643814
SCCD_k6_nc3_rf3_ra3,188.0956278196101,0.5172088206627692,0.3191647750560965
FCCD_k3_nc5_rf3_ra3,20.479894337779616,0.6877329192546584,0.24120855951886525
FCCD_k4_nc5_rf3_ra3,33.65426574581149,0.7758468267262237,0.23148836532097622
FCCD_k5_nc5_rf3_ra3,58.07959379975102,0.8728325049751998,0.2579084906737398
FCCD_k6_nc5_rf3_ra3,103.84858543776248,0.9819752982995611,0.27903066586643677
RCCD_k3_nc5_rf3_ra3,32.52176231676827,0.5162706913981948,0.19744635207177405
RCCD_k4_nc5_rf3_ra3,59.5383653504325,0.46527777777777796,0.19693540377365604
RCCD_k5_nc5_rf3_ra3,112.595965620374,0.38600789808232316,0.18160029357143512
RCCD_k6_nc5_rf3_ra3,219.17094067788298,0.2601074218750001,0.12025257426431105
SCCD_k3_nc5_rf3_ra3,33.68611807181347,0.508068783068783,0.20597746771795308
SCCD_k4_nc5_rf3_ra3,59.5383653504325,0.46527777777777796,0.1993125644471726
SCCD_k5_nc5_rf3_ra3,105.95139945052377,0.41210317460317364,0.1952200186774183
SCCD_k6_nc5_rf3_ra3,191.55869527489799,0.3616532651072127,0.1901836222355063
FCCD_k3_nc7_rf3_ra3,20.788793470458696,0.671524064171123,0.23317385584303807
FCCD_k4_nc7_rf3_ra3,33.89035095427176,0.7687070554717612,0.22155601600940947
FCCD_k5_nc7_rf3_ra3,58.30171999324111,0.8689098440136873,0.22715653980203526
FCCD_k6_nc7_rf3_ra3,104.08923442976513,0.9795059038195317,0.24330908622248415
RCCD_k3_nc7_rf3_ra3,33.6278992805053,0.44007026055661436,0.2059012723765489
RCCD_k4_nc7_rf3_ra3,60.88899078015415,0.3938492063492062,0.15281427436624478
RCCD_k5_nc7_rf3_ra3,114.30633823036169,0.32602249370481273,0.13353139370716544
RCCD_k6_nc7_rf3_ra3,220.9245827898042,0.2314453125,0.0952077528967096
SCCD_k3_nc7_rf3_ra3,34.83884672863714,0.43187830687830686,0.1935073643360241
SCCD_k4_nc7_rf3_ra3,60.88899078015415,0.3938492063492062,0.16832426664951355
SCCD_k5_nc7_rf3_ra3,107.662677273325,0.3435317460317458,0.13940289685911825
SCCD_k6_nc7_rf3_ra3,193.8745169603073,0.2949865984405463,0.13743132125199567
FCCD_k3_nc10_rf3_ra3,21.186341481334946,0.6542035398230088,0.2412708510442956
FCCD_k4_nc10_rf3_ra3,34.206252384522195,0.7603164187809858,0.23281483687169813
FCCD_k5_nc10_rf3_ra3,58.60608837688798,0.8640416311452116,0.22678604537642671
FCCD_k6_nc10_rf3_ra3,104.42419783954567,0.9763329337205637,0.26436405971170807
RCCD_k3_nc10_rf3_ra3,34.84371607829346,0.3827187662442331,0.20580991069976057
RCCD_k4_nc10_rf3_ra3,62.354180113855215,0.34027777777777773,0.16998971392747853
RCCD_k5_nc10_rf3_ra3,116.18040855873416,0.2794289879950288,0.11444410406985586
RCCD_k6_nc10_rf3_ra3,223.0044087033493,0.20498798076923072,0.07578927004595032
SCCD_k3_nc10_rf3_ra3,36.10388740523393,0.37473544973544975,0.20398519516068211
SCCD_k4_nc10_rf3_ra3,62.354180113855215,0.34027777777777773,0.16809083663430902
SCCD_k5_nc10_rf3_ra3,109.50689352257538,0.2921031746031745,0.1314529370257884
SCCD_k6_nc10_rf3_ra3,196.3599630171744,0.24498659844054568,0.09603952619505887
