DesignID,k,family,nc,rf,ra,alpha,N,Dcritical,Acritical,Gcritical,Defficiency,Aefficiency,Gefficiency
FCCD_k3_nc1_rf1_ra1,3,FCCD,1,1,1,1,15,6.707446945424451,2.1305555555555555,0.7359724335835292,0.1857818486452537,0.17588626063202337,0.26292746236950193
FCCD_k4_nc1_rf1_ra1,4,FCCD,1,1,1,1,25,11.130812772344722,2.3542843691148776,0.6879017399667312,0.1785094880891784,0.14453554644535543,0.22214549766022587
FCCD_k5_nc1_rf1_ra1,5,FCCD,1,1,1,1,43,19.27968590385714,2.63240873921238,0.6824694959953325,0.16594610178281852,0.10614954426820293,0.16758827948091076
FCCD_k6_nc1_rf1_ra1,6,FCCD,1,1,1,1,77,34.53062270516323,2.954397308979364,0.7310424577190553,0.15484278049003708,0.06938402636172403,0.10367287049567873
RCCD_k3_nc1_rf1_ra1,3,RCCD,1,1,1,1.681792830507429,15,10.305535988698018,2.078667848504563,0.9848845168314772,0.28544117349546244,0.18027673348824935,0.19647721233202717
RCCD_k4_nc1_rf1_ra1,4,RCCD,1,1,1,2,25,19.181639976562717,1.8958333333333321,0.9943970949293275,0.3076239626844283,0.17948717948717957,0.1536753024978471
RCCD_k5_nc1_rf1_ra1,5,RCCD,1,1,1,2.378414230005442,43,36.70842222541133,1.5515891503131602,0.8698517795065137,0.3159605193405191,0.18009212550798714,0.13148664097341842
RCCD_k6_nc1_rf1_ra1,6,RCCD,1,1,1,2.8284271247461903,77,72.31020939561091,0.9236328124999973,0.4807991884525151,0.3242546181757387,0.22193665923841496,0.15763185934211585
SCCD_k3_nc1_rf1_ra1,3,SCCD,1,1,1,1.7320508075688772,15,10.669518895024307,2.0575396825396823,0.9980392749054307,0.2955227168550709,0.18212793314046932,0.1938875244707779
SCCD_k4_nc1_rf1_ra1,4,SCCD,1,1,1,2,25,19.181639976562717,1.8958333333333321,0.9875849284417911,0.3076239626844283,0.17948717948717957,0.1547353244924006
SCCD_k5_nc1_rf1_ra1,5,SCCD,1,1,1,2.23606797749979,43,34.468407327038655,1.7163095238095105,0.987099828347963,0.29668003198330467,0.16280803906209754,0.11586861363706377
SCCD_k6_nc1_rf1_ra1,6,SCCD,1,1,1,2.449489742783178,77,62.69854260653663,1.5516264619883176,0.9328759130592333,0.2811538254830697,0.1321116813814523,0.08124260577959423
FCCD_k3_nc3_rf1_ra1,3,FCCD,3,1,1,1,17,7.020399549310565,1.9778169014084508,0.7115965847811502,0.19444996242406928,0.18946923219666678,0.2719340824205007
FCCD_k4_nc3_rf1_ra1,4,FCCD,3,1,1,1,27,11.368480246515393,2.2885802469135803,0.7147344755205225,0.18232106052484676,0.14868509777478084,0.21380565734562354
FCCD_k5_nc3_rf1_ra1,5,FCCD,3,1,1,1,45,19.502703747433596,2.5966449162446437,0.732567092728282,0.16786568397695165,0.10761155144737637,0.15612752711304867
FCCD_k6_nc3_rf1_ra1,6,FCCD,3,1,1,1,79,34.77191318782025,2.93198441215737,0.7380206844204631,0.15592477920055584,0.06991441697959078,0.1026926096325667
RCCD_k3_nc3_rf1_ra1,3,RCCD,3,1,1,1.681792830507429,17,11.493292118967629,1.1928128437864698,0.6009307969184131,0.31833946272781316,0.3141611458054795,0.322012726470892
RCCD_k4_nc3_rf1_ra1,4,RCCD,3,1,1,2,27,20.639245599998407,1.0624999999999998,0.4722654300774929,0.33100019216534177,0.32026143790849676,0.32357709168162035
RCCD_k5_nc3_rf1_ra1,5,RCCD,3,1,1,2.378414230005442,45,38.540247861623904,0.8749350273840889,0.3405402937866999,0.33172759796364604,0.3193711295688724,0.33586007505972576
RCCD_k6_nc3_rf1_ra1,6,RCCD,3,1,1,2.8284271247461903,79,74.12260781119927,0.6370117187499993,0.24016072902308847,0.33238180465660916,0.32179624759725967,0.3155772817406135
SCCD_k3_nc3_rf1_ra1,3,SCCD,3,1,1,1.7320508075688772,17,11.90849729452925,1.1686507936507935,0.6118059241087587,0.32983975273540467,0.3206564799094511,0.3162888045223063
SCCD_k4_nc3_rf1_ra1,4,SCCD,3,1,1,2,27,20.639245599998407,1.0624999999999998,0.494771500389386,0.33100019216534177,0.32026143790849676,0.30885827952090955
SCCD_k5_nc3_rf1_ra1,5,SCCD,3,1,1,2.23606797749979,45,36.3196183516481,0.9163095238095234,0.3562930686433628,0.3126139665216187,0.30495043512514525,0.3210107035412088
SCCD_k6_nc3_rf1_ra1,6,SCCD,3,1,1,2.449489742783178,79,65.20749110756455,0.7738486842105271,0.3165050629847571,0.29240449319684325,0.2648941388048717,0.2394567383258584
FCCD_k3_nc5_rf1_ra1,3,FCCD,5,1,1,1,19,7.242911325995266,1.9069587628865978,0.7560494837741931,0.2006130598818916,0.19650946681626505,0.25594536930312667
FCCD_k4_nc5_rf1_ra1,4,FCCD,5,1,1,1,29,11.552054396111595,2.2509439050701188,0.675087755179953,0.1852651157471431,0.1511711495836578,0.226362088770978
FCCD_k5_nc5_rf1_ra1,5,FCCD,5,1,1,1,47,19.68407165275482,2.573517384052858,0.7036326609598896,0.1694267725251085,0.10857862850530858,0.16254772550784413
FCCD_k6_nc5_rf1_ra1,6,FCCD,5,1,1,1,81,34.975041180682055,2.91631722931065,0.772551256832408,0.15683564905305286,0.07029001464894996,0.09810257814698181
RCCD_k3_nc5_rf1_ra1,3,RCCD,5,1,1,1.681792830507429,19,12.093760111016271,1.0139768271800926,0.6546850448417852,0.3349711341406149,0.36957003324977655,0.29557321625208066
RCCD_k4_nc5_rf1_ra1,4,RCCD,5,1,1,2,29,21.354221130057486,0.8958333333333334,0.47222846903635163,0.342466553021239,0.37984496124031003,0.3236024178679522
RCCD_k5_nc5_rf1_ra1,5,RCCD,5,1,1,2.378414230005442,47,39.459322416207314,0.7265791600945982,0.3438516398999495,0.33963835129964226,0.3845816166247434,0.33262568899000006
RCCD_k6_nc5_rf1_ra1,6,RCCD,5,1,1,2.8284271247461903,81,75.20377890982823,0.5414713541666663,0.21726605418572717,0.33723000969845285,0.37857585482931183,0.3488316218103856
SCCD_k3_nc5_rf1_ra1,3,SCCD,5,1,1,1.7320508075688772,19,12.532619007731105,0.9908730158730159,0.5866246968722262,0.34712658133080343,0.37818715792284074,0.32986569670143345
SCCD_k4_nc5_rf1_ra1,4,SCCD,5,1,1,2,29,21.354221130057486,0.8958333333333334,0.4608116632418995,0.342466553021239,0.37984496124031003,0.33161980599876034
SCCD_k5_nc5_rf1_ra1,5,SCCD,5,1,1,2.23606797749979,47,37.21392709324472,0.7563095238095235,0.34042520156312306,0.32031155299674724,0.36946379649901506,0.33597362388828433
SCCD_k6_nc5_rf1_ra1,6,SCCD,5,1,1,2.449489742783178,81,66.40803969507417,0.6182931286549702,0.22038061521161378,0.29778801271778077,0.3315385070106794,0.3439017082930637
FCCD_k3_nc7_rf1_ra1,3,FCCD,7,1,1,1,21,7.416969719068783,1.8660569105691058,0.7302440777747194,0.20543410286598546,0.2008167315868002,0.26498998105633553
FCCD_k4_nc7_rf1_ra1,4,FCCD,7,1,1,1,31,11.70210734897886,2.2265555555555556,0.7099618469006882,0.18767157755280356,0.15282698737461947,0.21524293880488052
FCCD_k5_nc7_rf1_ra1,5,FCCD,7,1,1,1,49,19.837152106420557,2.5573345417870574,0.714312286687496,0.17074438240068704,0.10926571530988069,0.1601174874961929
FCCD_k6_nc7_rf1_ra1,6,FCCD,7,1,1,1,83,35.150587323330946,2.904748679184252,0.701870665035377,0.157622835923795,0.07056995403361299,0.10798181747933609
RCCD_k3_nc7_rf1_ra1,3,RCCD,7,1,1,1.681792830507429,21,12.506765030375941,0.9371612086277609,0.64975018686246655,0.34641048178548367,0.39986231428011887,0.29781809724509406
RCCD_k4_nc7_rf1_ra1,4,RCCD,7,1,1,2,31,21.838640779814387,0.8244047619047619,0.47976095007597797,0.35023539303921986,0.4127557160048134,0.31852170198938484
RCCD_k5_nc7_rf1_ra1,5,RCCD,7,1,1,2.378414230005442,49,40.083481584522005,0.6615309831649668,0.3462074882871703,0.3450106784936816,0.42239743127095114,0.33036226107620137
RCCD_k6_nc7_rf1_ra1,6,RCCD,7,1,1,2.8284271247461903,83,75.98043256484253,0.4937011718749997,0.20280697626674957,0.3407126926621222,0.4152065914502866,0.37370149410573333
SCCD_k3_nc7_rf1_ra1,3,SCCD,7,1,1,1.7320508075688772,21,12.961481396815714,0.9146825396825397,0.5826609436203501,0.3590051467681208,0.4096890817064353,0.33210972256638766
SCCD_k4_nc7_rf1_ra1,4,SCCD,7,1,1,2,31,21.838640779814387,0.8244047619047619,0.5298970569694934,0.35023539303921986,0.4127557160048134,0.288384833160231
SCCD_k5_nc7_rf1_ra1,5,SCCD,7,1,1,2.23606797749979,49,37.814989169482345,0.687738095238095,0.3559957583506892,0.3254850765167111,0.4063014538961819,0.3212787960226006
SCCD_k6_nc7_rf1_ra1,6,SCCD,7,1,1,2.449489742783178,83,67.21087027496867,0.551626461988304,0.25879231227093047,0.30138807867415596,0.3716065034849199,0.2928575017584228
FCCD_k3_nc10_rf1_ra1,3,FCCD,10,1,1,1,24,7.624080904346351,1.829320987654321,0.6828607749148753,0.21117063707774303,0.20484947817493793,0.28337747816917225
FCCD_k4_nc10_rf1_ra1,4,FCCD,10,1,1,1,34,11.886314471896496,2.2027074542897327,0.6842388979554594,0.1906257840323256,0.15448160268177827,0.22333467860839482
FCCD_k5_nc10_rf1_ra1,5,FCCD,10,1,1,1,52,20.029946997883236,2.5404967962979437,0.6820182916176133,0.172403826482993,0.10998989977165789,0.1676991512365302
FCCD_k6_nc10_rf1_ra1,6,FCCD,10,1,1,1,86,35.37621410203448,2.8921396149884107,0.704993503338758,0.1586345951980418,0.07087762281837565,0.10750350136139149
RCCD_k3_nc10_rf1_ra1,3,RCCD,10,1,1,1.681792830507429,24,12.96024769389627,0.8794817372766941,0.6224225446586124,0.3589709758516874,0.42608667565493075,0.31089388711355154
RCCD_k4_nc10_rf1_ra1,4,RCCD,10,1,1,2,34,22.364150286921248,0.7708333333333333,0.47841603972279534,0.3586632082417822,0.44144144144144143,0.3194171216642082
RCCD_k5_nc10_rf1_ra1,5,RCCD,10,1,1,2.378414230005442,52,40.759990328324605,0.6121507698236479,0.30088526758561485,0.3508335943552711,0.45647085941838866,0.3801245888501928
RCCD_k6_nc10_rf1_ra1,6,RCCD,10,1,1,2.8284271247461903,86,76.84951726358993,0.4546164772727272,0.21767248868073963,0.3446098564168688,0.4509031040822948,0.3481802891366326
SCCD_k3_nc10_rf1_ra1,3,SCCD,10,1,1,1.7320508075688772,24,13.432128468564127,0.8575396825396825,0.5732488893935083,0.37204105801130133,0.43698904828011725,0.3375625629920592
SCCD_k4_nc10_rf1_ra1,4,SCCD,10,1,1,2,34,22.364150286921248,0.7708333333333333,0.4660423044753726,0.3586632082417822,0.44144144144144143,0.3278978601272453
SCCD_k5_nc10_rf1_ra1,5,SCCD,10,1,1,2.23606797749979,52,38.46274398347918,0.6363095238095238,0.3326420121955815,0.33106049858685616,0.4391400372606627,0.34383476662236634
SCCD_k6_nc10_rf1_ra1,6,SCCD,10,1,1,2.449489742783178,86,68.07250487822972,0.5016264619883042,0.23559760593792375,0.30525183458943583,0.40864666500390917,0.32168947449287577
FCCD_k3_nc1_rf2_ra1,3,FCCD,1,2,1,1,23,10.54546526885841,1.7642790262172283,0.5344488641205051,0.2920866983240605,0.2124014649422637,0.36206899729212066
FCCD_k4_nc1_rf2_ra1,4,FCCD,1,2,1,1,41,18.221355517553626,2.047356690551575,0.6149737961301737,0.292223480194631,0.16620346583872692,0.24848908250701798
FCCD_k5_nc1_rf2_ra1,5,FCCD,1,2,1,1,75,32.4602453000377,2.3995181242807826,0.6379362222708893,0.27939517258305785,0.11645212643633737,0.1792873403941861
FCCD_k6_nc1_rf2_ra1,6,FCCD,1,2,1,1,141,59.333888891839806,2.7903985288595643,0.6753443693598318,0.2660659905193555,0.07346190110450256,0.11222314641905139
RCCD_k3_nc1_rf2_ra1,3,RCCD,1,2,1,1.681792830507429,23,15.275349794793,1.7906813621076265,0.9821844070962473,0.4230943228727928,0.20926975489061173,0.19701734515223446
RCCD_k4_nc1_rf2_ra1,4,RCCD,1,2,1,2,41,30.008709327871486,1.637499999999999,0.993636285647994,0.4812621908118634,0.20780322307039872,0.15379296888960517
RCCD_k5_nc1_rf2_ra1,5,RCCD,1,2,1,2.378414230005442,75,59.81871320961463,1.3301577458179854,0.8397555307273218,0.5148778004113638,0.2100720676728405,0.136199029892666
RCCD_k6_nc1_rf2_ra1,6,RCCD,1,2,1,2.8284271247461903,141,121.59535494254419,0.7380208333333325,0.44628376035887607,0.5452598701951938,0.27775365072471664,0.16982305156030075
SCCD_k3_nc1_rf2_ra1,3,SCCD,1,2,1,1.7320508075688772,23,15.73880278986322,1.7834595959595971,0.9992458858166128,0.43593097367076294,0.21011715128529276,0.1936534011124642
SCCD_k4_nc1_rf2_ra1,4,SCCD,1,2,1,2,41,30.008709327871486,1.637499999999999,0.9868458193758155,0.4812621908118634,0.20780322307039872,0.1548512152211381
SCCD_k5_nc1_rf2_ra1,5,SCCD,1,2,1,2.23606797749979,75,56.37019376014278,1.5065202702702651,0.9637456078298221,0.48519534798885855,0.1854797399738273,0.11867643048419288
SCCD_k6_nc1_rf2_ra1,6,SCCD,1,2,1,2.449489742783178,141,105.88931185709234,1.3973462301587132,0.9955673358851804,0.4748305760983908,0.14669805975427277,0.07612671420016451
FCCD_k3_nc3_rf2_ra1,3,FCCD,3,2,1,1,25,11.026259900816104,1.6239508393285371,0.5408355802827384,0.30540367515154737,0.23075541491785148,0.3577933320046403
FCCD_k4_nc3_rf2_ra1,4,FCCD,3,2,1,1,43,18.606249633365238,1.9842360857386436,0.5737386611749923,0.2983961877037157,0.17149057021161235,0.2663482256072611
FCCD_k5_nc3_rf2_ra1,5,FCCD,3,2,1,1,77,32.833938715921825,2.3643897920813974,0.6400362390057145,0.2826116651098095,0.11818228488841702,0.17869908242967616
FCCD_k6_nc3_rf2_ra1,6,FCCD,3,2,1,1,143,59.74762347276589,2.76816338978186,0.6876599616342344,0.2679212658627073,0.07405198028624474,0.11021329475957269
RCCD_k3_nc3_rf2_ra1,3,RCCD,3,2,1,1.681792830507429,25,17.032613015265614,0.9123028113870467,0.35576761687180625,0.4717667331522982,0.41075774957408007,0.5439150590418987
RCCD_k4_nc3_rf2_ra1,4,RCCD,3,2,1,2,43,32.289059888188426,0.8041666666666669,0.3257133006255538,0.5178331240861547,0.4231433506044903,0.46916805077580476
RCCD_k5_nc3_rf2_ra1,5,RCCD,3,2,1,2.378414230005442,77,62.76920081526935,0.6670059885814096,0.31234892667842246,0.5402735417610176,0.41893025366881526,0.3661734645556034
RCCD_k6_nc3_rf2_ra1,6,RCCD,3,2,1,2.8284271247461903,143,124.49222399250463,0.4778196839080462,0.23082443566808902,0.5582500575498034,0.429006982493169,0.32834162391251553
SCCD_k3_nc3_rf2_ra1,3,SCCD,3,2,1,1.7320508075688772,25,17.56644252531581,0.894570707070707,0.3429134258061211,0.48655266199310243,0.41889975467957125,0.5643038439837311
SCCD_k4_nc3_rf2_ra1,4,SCCD,3,2,1,2,43,32.289059888188426,0.8041666666666669,0.3310967216073959,0.5178331240861547,0.4231433506044903,0.4615396782679327
SCCD_k5_nc3_rf2_ra1,5,SCCD,3,2,1,2.23606797749979,77,59.397694368396515,0.7065202702702713,0.32631798983516197,0.5112539636006569,0.3955003129466284,0.35049826302815096
SCCD_k6_nc3_rf2_ra1,6,SCCD,3,2,1,2.449489742783178,143,110.12658467419634,0.6195684523809527,0.32090512614031924,0.4938314238472827,0.3308560659947712,0.23617344776477842
FCCD_k3_nc5_rf2_ra1,3,FCCD,5,2,1,1,27,11.370326232177597,1.5578703703703705,0.5214379155386738,0.31493357223713414,0.2405434090426661,0.3711033635444796
FCCD_k4_nc5_rf2_ra1,4,FCCD,5,2,1,1,45,18.90426223201959,1.9478876787256503,0.5941008899777097,0.3031755400760859,0.1746906567017225,0.25721939984297665
FCCD_k5_nc5_rf2_ra1,5,FCCD,5,2,1,1,79,33.138112404018685,2.341630320426794,0.6209157365682915,0.2852297802625298,0.11933095739215534,0.18420194866406428
FCCD_k6_nc5_rf2_ra1,6,FCCD,5,2,1,1,145,60.096037792866035,2.752609638836773,0.6919173931064597,0.2694836310290553,0.07447041450303746,0.10953514220199584
RCCD_k3_nc5_rf2_ra1,3,RCCD,5,2,1,1.681792830507429,27,17.921784788199428,0.7345646086279312,0.35273079274624086,0.49639487812055755,0.5101463442887695,0.5485978778020547
RCCD_k4_nc5_rf2_ra1,4,RCCD,5,2,1,2,45,33.407603082842236,0.6375000000000002,0.2905154902243016,0.5357716679433815,0.5337690631808276,0.5260107619330718
RCCD_k5_nc5_rf2_ra1,5,RCCD,5,2,1,2.378414230005442,79,64.25824962636464,0.5195424665112887,0.1891243864537901,0.5530902363274042,0.5378366659252817,0.6047548429721291
RCCD_k6_nc5_rf2_ra1,6,RCCD,5,2,1,2.8284271247461903,145,126.25595890213881,0.38705184108527113,0.15897394095835682,0.5661590263450365,0.5296137597342417,0.4767402103078221
SCCD_k3_nc5_rf2_ra1,3,SCCD,5,2,1,1.7320508075688772,27,18.487095898499906,0.7167929292929291,0.3463976565184114,0.5120527795524827,0.522794567888808,0.5586278102483034
SCCD_k4_nc5_rf2_ra1,4,SCCD,5,2,1,2,45,33.407603082842236,0.6375000000000002,0.28083501025370616,0.5357716679433815,0.5337690631808276,0.5441425348933256
SCCD_k5_nc5_rf2_ra1,5,SCCD,5,2,1,2.23606797749979,79,60.86026142485717,0.5465202702702696,0.19433427311770296,0.5238427216761741,0.5112875097145863,0.5885420353145271
SCCD_k6_nc5_rf2_ra1,6,SCCD,5,2,1,2.449489742783178,145,112.15414797148344,0.464012896825396,0.19266157532854156,0.5029234561935322,0.44177216230773414,0.3933803090559627
FCCD_k3_nc7_rf2_ra1,3,FCCD,7,2,1,1,29,11.640363302857528,1.5194386331938634,0.5112430514602474,0.3224130180832007,0.24662756464718485,0.37850365649628903
FCCD_k4_nc7_rf2_ra1,4,FCCD,7,2,1,1,47,19.148214725939766,1.924258768110205,0.5982675747709082,0.3070879079955218,0.17683576835768355,0.25542797372022247
FCCD_k5_nc7_rf2_ra1,5,FCCD,7,2,1,1,81,33.39499781193849,2.3256849351253117,0.6163813776156069,0.28744087085092224,0.12014911554645845,0.18555701516243558
FCCD_k6_nc7_rf2_ra1,6,FCCD,7,2,1,1,147,60.39721437205406,2.7411191239316235,0.6808474242053826,0.27083417194857884,0.07478258751309347,0.11131608544220317
RCCD_k3_nc7_rf2_ra1,3,RCCD,7,2,1,1.681792830507429,29,18.533507852575656,0.6581779851645985,0.3459699023664078,0.5133382908204196,0.569352755914094,0.5593184927719101
RCCD_k4_nc7_rf2_ra1,4,RCCD,7,2,1,2,47,34.16545321870268,0.5660714285714286,0.26969022056698005,0.547925626739354,0.6011216263582193,0.5666289049895006
RCCD_k5_nc7_rf2_ra1,5,RCCD,7,2,1,2.378414230005442,81,65.27118523621651,0.454647396186567,0.17253540876337628,0.5618088802228574,0.6146059349262469,0.6629009630650378
RCCD_k6_nc7_rf2_ra1,6,RCCD,7,2,1,2.8284271247461903,147,127.53328365973513,0.34087171052631543,0.11930839775754287,0.5718868268177862,0.6013640159599152,0.6352383526260104
SCCD_k3_nc7_rf2_ra1,3,SCCD,7,2,1,1.7320508075688772,29,19.119718665487092,0.6406024531024531,0.3160236926842289,0.5295750690468677,0.5849734853817636,0.6123191672510985
SCCD_k4_nc7_rf2_ra1,4,SCCD,7,2,1,2,47,34.16545321870268,0.5660714285714286,0.25110415961869864,0.547925626739354,0.6011216263582193,0.6085692670256561
SCCD_k5_nc7_rf2_ra1,5,SCCD,7,2,1,2.23606797749979,81,61.84324811692892,0.4779488416988415,0.20319177297090277,0.5323035861563915,0.584642044537266,0.5628864149359065
SCCD_k6_nc7_rf2_ra1,6,SCCD,7,2,1,2.449489742783178,147,113.51001964104267,0.39734623015872966,0.13925605052022827,0.5090034780076429,0.5158926024976839,0.544244000622014
FCCD_k3_nc10_rf2_ra1,3,FCCD,10,2,1,1,32,11.962438273904729,1.4847399150743101,0.5037619174845456,0.33133380180469296,0.2523913083569889,0.38412463828602234
FCCD_k4_nc10_rf2_ra1,4,FCCD,10,2,1,1,50,19.448042307616355,1.9010958861156404,0.591707203105994,0.3118963680078116,0.17899032882188837,0.2582599528349341
FCCD_k5_nc10_rf2_ra1,5,FCCD,10,2,1,1,84,33.71869222410368,2.309076672188859,0.6038883986886612,0.2902270067939849,0.12101329997420474,0.1893957374912717
FCCD_k6_nc10_rf2_ra1,6,FCCD,10,2,1,1,150,60.784394967522765,2.728589573104201,0.679514069339295,0.27257037347804614,0.07512598552373143,0.1115345118897122
RCCD_k3_nc10_rf2_ra1,3,RCCD,10,2,1,1.681792830507429,32,19.205272604584398,0.6008038185372045,0.3509229512839102,0.5319447290820056,0.6237234820641281,0.5514240765046717
RCCD_k4_nc10_rf2_ra1,4,RCCD,10,2,1,2,50,34.987586366184914,0.5125,0.24795451917965947,0.5611105190109076,0.6639566395663956,0.6162996136219672
RCCD_k5_nc10_rf2_ra1,5,RCCD,10,2,1,2.378414230005442,84,66.37010445527541,0.405286031232005,0.17658277230331626,0.5712676111112356,0.6894611865738604,0.6477069486461683
RCCD_k6_nc10_rf2_ra1,6,RCCD,10,2,1,2.8284271247461903,150,128.96995039041465,0.3026842948717948,0.11318758474253639,0.5783291511603091,0.6772336201191264,0.6695899573998806
SCCD_k3_nc10_rf2_ra1,3,SCCD,10,2,1,1.7320508075688772,32,19.813978783375745,0.583459595959596,0.3181393520654144,0.5488045805422975,0.6422646098041035,0.6082471818709054
SCCD_k4_nc10_rf2_ra1,4,SCCD,10,2,1,2,50,34.987586366184914,0.5125,0.2540724945096057,0.5611105190109076,0.6639566395663956,0.6014593380570259
SCCD_k5_nc10_rf2_ra1,5,SCCD,10,2,1,2.23606797749979,84,62.90259687150347,0.4265202702702702,0.17300864577265113,0.5414217220599936,0.6551364787843845,0.6610877053067026
SCCD_k6_nc10_rf2_ra1,6,SCCD,10,2,1,2.449489742783178,150,114.96520330909266,0.34734623015873006,0.1187112681248197,0.5155288363021766,0.5901546151099882,0.638433665507315
FCCD_k3_nc1_rf3_ra1,3,FCCD,1,3,1,1,31,13.84361585825056,1.6351214574898782,0.4844290150970206,0.38343837334933834,0.22917896894993775,0.3994545295707954
FCCD_k4_nc1_rf3_ra1,4,FCCD,1,3,1,1,57,24.40020863190556,1.9422400756143665,0.5613089776860098,0.39131632534261784,0.1751986183634593,0.27224626799346763
FCCD_k5_nc1_rf3_ra1,5,FCCD,1,3,1,1,107,44.10227143419602,2.3209158311608267,0.6204397854735766,0.37960162114510415,0.12039600240706269,0.18434325346296326
FCCD_k6_nc1_rf3_ra1,6,FCCD,1,3,1,1,205,81.50426118769644,2.735424417718461,0.6899091390830899,0.3654827349001748,0.07493827262834969,0.10985398765216611
RCCD_k3_nc1_rf3_ra1,3,RCCD,1,3,1,1.681792830507429,31,19.57334066037828,1.682059896462394,0.9791465359500531,0.5421394222922588,0.2227836538541645,0.19762860535299392
RCCD_k4_nc1_rf3_ra1,4,RCCD,1,3,1,2,57,39.48145649713475,1.5446428571428572,0.986810905326328,0.6331805890967348,0.2202954399486191,0.15485669396378499
RCCD_k5_nc1_rf3_ra1,5,RCCD,1,3,1,2.378414230005442,107,80.2897730296175,1.2518018308117251,0.8461772277237946,0.6910784186907691,0.22322142460347286,0.13516540611678515
RCCD_k6_nc1_rf3_ra1,6,RCCD,1,3,1,2.8284271247461903,205,165.7347604714847,0.6733774038461534,0.43970410816342587,0.7431905110537643,0.30441767068273107,0.17236425277559958
SCCD_k3_nc1_rf3_ra1,3,SCCD,1,3,1,1.7320508075688772,31,20.122340836273356,1.680555555555554,0.9957956018956676,0.5573455459357612,0.22298307752853228,0.19432438139679437
SCCD_k4_nc1_rf3_ra1,4,SCCD,1,3,1,2,57,39.48145649713475,1.5446428571428572,0.9972045513678166,0.6331805890967348,0.2202954399486191,0.15324265634030343
SCCD_k5_nc1_rf3_ra1,5,SCCD,1,3,1,2.23606797749979,107,75.76962208431544,1.4332232704402352,0.9794781136730619,0.6521721090867972,0.19496542775864792,0.11677023410268739
SCCD_k6_nc1_rf3_ra1,6,SCCD,1,3,1,2.449489742783178,205,144.564700887202,1.3444648692810404,0.9681026007307906,0.6482593852191891,0.15246808262000117,0.07828640268990017
FCCD_k3_nc3_rf3_ra1,3,FCCD,3,3,1,1,33,14.469762742592629,1.4988387216648087,0.48228942670721586,0.4007812948279627,0.2500171928566263,0.40122663616570825
FCCD_k4_nc3_rf3_ra1,4,FCCD,3,3,1,1,59,24.913746899295187,1.8799654218533888,0.5741100625106275,0.3995521527795585,0.18100214707263626,0.26617592051596556
FCCD_k5_nc3_rf3_ra1,5,FCCD,3,3,1,1,109,44.60917938610972,2.2859971677914195,0.6153913490143176,0.3839647315713981,0.12223505432642104,0.18585553536827681
FCCD_k6_nc3_rf3_ra1,6,FCCD,3,3,1,1,207,82.07218895947064,2.713248210951102,0.6560778901563245,0.3680294458601795,0.07555076603086536,0.11551870773741807
RCCD_k3_nc3_rf3_ra1,3,RCCD,3,3,1,1.681792830507429,33,21.823133581469804,0.8070503424849792,0.33092472751470065,0.6044538455519928,0.4643272296764118,0.5847473707670514
RCCD_k4_nc3_rf3_ra1,4,RCCD,3,3,1,2,59,42.4816375599621,0.711309523809524,0.32826547705171805,0.6812957444455693,0.47838214783821464,0.4655203944646576
RCCD_k5_nc3_rf3_ra1,5,RCCD,3,3,1,2.378414230005442,109,84.23119133241211,0.5940526152843714,0.30738651039222886,0.7250034009807226,0.4703775066477351,0.37208493139832205
RCCD_k6_nc3_rf3_ra1,6,RCCD,3,3,1,2.8284271247461903,207,169.60674783018558,0.42263335622710535,0.2296254243957856,0.7605533398032693,0.48502556116057916,0.33005609132949876
SCCD_k3_nc3_rf3_ra1,3,SCCD,3,3,1,1.7320508075688772,33,22.45901092317347,0.7916666666666666,0.33305631708053063,0.6220662797634811,0.47335004177109447,0.5810049364391291
SCCD_k4_nc3_rf3_ra1,4,SCCD,3,3,1,2,59,42.4816375599621,0.711309523809524,0.3302558285406469,0.6812957444455693,0.47838214783821464,0.46271484455402084
SCCD_k5_nc3_rf3_ra1,5,SCCD,3,3,1,2.23606797749979,109,79.83901694791122,0.6332232704402515,0.3220499255310903,0.6871986244354545,0.44128035250624076,0.35514334755224336
SCCD_k6_nc3_rf3_ra1,6,SCCD,3,3,1,2.449489742783178,207,150.34961030477228,0.5666870915032677,0.32208453840983786,0.6742001702072816,0.3617304573242581,0.2353086255556668
FCCD_k3_nc5_rf3_ra1,3,FCCD,5,3,1,1,35,14.918838326828013,1.4343347933205586,0.44075631064720533,0.4132197222802454,0.26126079593169316,0.43903481280138323
FCCD_k4_nc5_rf3_ra1,4,FCCD,5,3,1,1,61,25.311688508863007,1.844040348964013,0.5461449482169657,0.4059341083892899,0.1845283797444816,0.279805342638703
FCCD_k5_nc5_rf3_ra1,5,FCCD,5,3,1,1,111,45.02190752083855,2.2633592747569655,0.6259736413759646,0.3875172077577783,0.12345763711111805,0.18271358579996225
FCCD_k6_nc5_rf3_ra1,6,FCCD,5,3,1,1,209,82.55050563172927,2.697732080334565,0.6603725881367778,0.3701743212688756,0.07598529974993243,0.11476743796980968
RCCD_k3_nc5_rf3_ra1,3,RCCD,5,3,1,1.681792830507429,35,22.961983717817954,0.6298076674219779,0.23645427941961925,0.6359975439788567,0.5949998215635774,0.8183711659226087
RCCD_k4_nc5_rf3_ra1,4,RCCD,5,3,1,2,61,43.953267479042744,0.5446428571428572,0.1960572910155781,0.7048968874065309,0.6247723132969033,0.7794368348897703
RCCD_k5_nc5_rf3_ra1,5,RCCD,5,3,1,2.378414230005442,111,86.2250875569064,0.446950591246142,0.18902082950418525,0.7421654702936936,0.6251898833290576,0.6050861639538496
RCCD_k6_nc5_rf3_ra1,6,RCCD,5,3,1,2.8284271247461903,209,171.98236891594757,0.33365966191067,0.15966120719468643,0.7712061385509487,0.6143624901955087,0.47468806842688466
SCCD_k3_nc5_rf3_ra1,3,SCCD,5,3,1,1.7320508075688772,35,23.6360827255603,0.6138888888888887,0.23219529346396528,0.654668636101879,0.6104287868993753,0.8333819409050804
SCCD_k4_nc5_rf3_ra1,4,SCCD,5,3,1,2,61,43.953267479042744,0.5446428571428572,0.1985906100072764,0.7048968874065309,0.6247723132969033,0.7694939572452375
SCCD_k5_nc5_rf3_ra1,5,SCCD,5,3,1,2.23606797749979,111,81.80491675681606,0.4732232704402515,0.1975404959845353,0.7041197201115038,0.5904802351225649,0.5789895791342753
SCCD_k6_nc5_rf3_ra1,6,SCCD,5,3,1,2.449489742783178,209,153.11772803508435,0.41113153594771257,0.1971578007901345,0.6866130087982637,0.4985946414854952,0.38440918767715687
FCCD_k3_nc7_rf3_ra1,3,FCCD,7,3,1,1,37,15.271693909470264,1.3967226435536295,0.4429006493277773,0.4229930627153559,0.26829625156074244,0.4369091908754805
FCCD_k4_nc7_rf3_ra1,4,FCCD,7,3,1,1,63,25.63760382877262,1.8206615661566155,0.5250282665781002,0.4111609483431552,0.1868978749829372,0.2910591373722028
FCCD_k5_nc7_rf3_ra1,5,FCCD,7,3,1,1,113,45.370540393304196,2.247492380445818,0.6195757984215696,0.3905179965894805,0.12432922595252609,0.18460031673838914
FCCD_k6_nc7_rf3_ra1,6,FCCD,7,3,1,1,211,82.96400545118405,2.686267452089673,0.7343786833089576,0.372028543891016,0.07630959479100587,0.10320189265905653
RCCD_k3_nc7_rf3_ra1,3,RCCD,7,3,1,1.681792830507429,37,23.74556294419194,0.5536147318807991,0.24038997989256589,0.6577010026003344,0.6768885077576574,0.8049726715835063
RCCD_k4_nc7_rf3_ra1,4,RCCD,7,3,1,2,63,44.95034558871445,0.47321428571428553,0.16552093077690128,0.720887445021932,0.7190775681341721,0.9232323286788228
RCCD_k5_nc7_rf3_ra1,5,RCCD,7,3,1,2.378414230005442,113,87.58237999985705,0.38211718205457423,0.1356062994691903,0.7538480978536103,0.7312651749722172,0.8434260729756716
RCCD_k6_nc7_rf3_ra1,6,RCCD,7,3,1,2.8284271247461903,211,173.7082449808724,0.2880877696998126,0.11584175626395202,0.7789453400983972,0.7115469739754248,0.654248282227871
SCCD_k3_nc7_rf3_ra1,3,SCCD,7,3,1,1.7320508075688772,37,24.44490224684569,0.5376984126984128,0.23486391554509078,0.6770711965853834,0.6969249692496924,0.8239127065855003
SCCD_k4_nc7_rf3_ra1,4,SCCD,7,3,1,2,63,44.95034558871445,0.47321428571428553,0.1672625421437395,0.720887445021932,0.7190775681341721,0.913619226442951
SCCD_k5_nc7_rf3_ra1,5,SCCD,7,3,1,2.23606797749979,113,83.12619179960029,0.4046518418688228,0.13899191552172221,0.7154923349884456,0.6905417425125971,0.8228815913698756
SCCD_k6_nc7_rf3_ra1,6,SCCD,7,3,1,2.449489742783178,211,154.9688230975945,0.34446486928104664,0.13714167892909254,0.6949137194132389,0.5950911081210501,0.5526348418494734
FCCD_k3_nc10_rf3_ra1,3,FCCD,10,3,1,1,40,15.692891326897286,1.3627022119511392,0.4528089787330297,0.4346593249297113,0.27499437987915015,0.42734877934060034
FCCD_k4_nc10_rf3_ra1,4,FCCD,10,3,1,1,66,26.03832414884732,1.7977246790299573,0.5617453855051323,0.4175874672925345,0.18928247564659892,0.27203476576640007
FCCD_k5_nc10_rf3_ra1,5,FCCD,10,3,1,1,116,45.80991782902285,2.230960009447266,0.6147811018655491,0.39429985138900575,0.12525055886782077,0.18604002023646352
FCCD_k6_nc10_rf3_ra1,6,FCCD,10,3,1,1,214,83.49562234404338,2.6737642825444508,0.6295503198022001,0.3744124290166527,0.07666643694340802,0.12038635778910052
RCCD_k3_nc10_rf3_ra1,3,RCCD,10,3,1,1.681792830507429,40,24.606103048483888,0.4963784218835663,0.22822422947562676,0.681536111951113,0.7549390408903595,0.8478826493603728
RCCD_k4_nc10_rf3_ra1,4,RCCD,10,3,1,2,66,46.03199870956445,0.41964285714285715,0.1845461448592348,0.7382343673754128,0.8108747044917256,0.8280545469145728
RCCD_k5_nc10_rf3_ra1,5,RCCD,10,3,1,2.378414230005442,116,89.05545136272734,0.3327627735779372,0.11978389388620378,0.7665272696790871,0.8397243026632696,0.9548352864594528
RCCD_k6_nc10_rf3_ra1,6,RCCD,10,3,1,2.8284271247461903,214,175.65329290067717,0.2502468234890108,0.08460702649132466,0.7876673556455973,0.8191431879583178,0.8957798564605212
SCCD_k3_nc10_rf3_ra1,3,SCCD,10,3,1,1.7320508075688772,40,25.332526223568024,0.48055555555555557,0.24284883031739812,0.7016564709288232,0.7797963115882192,0.7968223033362533
SCCD_k4_nc10_rf3_ra1,4,SCCD,10,3,1,2,66,46.03199870956445,0.41964285714285715,0.19162121320641867,0.7382343673754128,0.8108747044917256,0.7974809876693026
SCCD_k5_nc10_rf3_ra1,5,SCCD,10,3,1,2.23606797749979,116,84.55010840224915,0.3532232704402514,0.13871779221851288,0.7277484168899738,0.7910831799013505,0.8245077059177567
SCCD_k6_nc10_rf3_ra1,6,SCCD,10,3,1,2.449489742783178,214,156.95550322628884,0.29446486928104537,0.09433128426277844,0.7038224227893102,0.6961373058515329,0.8034372757485664
FCCD_k3_nc1_rf1_ra2,3,FCCD,1,1,2,1,21,8.598166048889416,1.439102564102564,0.683864223000932,0.2381506997399663,0.26039523456004526,0.2829616725479151
FCCD_k4_nc1_rf1_ra2,4,FCCD,1,1,2,1,33,13.685490935125147,1.4818322981366459,0.5263821836652773,0.21947992757079338,0.22963312259131183,0.2903104989271793
FCCD_k5_nc1_rf1_ra2,5,FCCD,1,1,2,1,53,22.97417236167266,1.5494901547116737,0.44897283537081023,0.19774566681832795,0.18033608483754737,0.2547456764006664
FCCD_k6_nc1_rf1_ra2,6,FCCD,1,1,2,1,89,40.23792078284906,1.6428813607057435,0.43505325508415216,0.18043553944431381,0.1247734533193393,0.17420687964118423
RCCD_k3_nc1_rf1_ra2,3,RCCD,1,1,2,1.681792830507429,21,13.591267464395784,1.945083444608075,0.9819384091333581,0.37644886579237113,0.19265777556960142,0.19706670248983374
RCCD_k4_nc1_rf1_ra2,4,RCCD,1,1,2,2,33,24.251465064166368,1.804687500000002,0.9972874164547415,0.38893086269251814,0.18855218855218833,0.15322992333492433
RCCD_k5_nc1_rf1_ra2,5,RCCD,1,1,2,2.378414230005442,53,44.92856686805045,1.4287919853461446,0.8284267629367471,0.38671379646024523,0.19557009757955301,0.13806155685580487
RCCD_k6_nc1_rf1_ra2,6,RCCD,1,1,2,2.8284271247461903,89,86.58703387976556,0.7545072115384607,0.3751110923323526,0.3882749869530499,0.2716845878136203,0.20204486509505876
SCCD_k3_nc1_rf1_ra2,3,SCCD,1,1,2,1.7320508075688772,21,14.1355144857359,1.9305555555555542,0.9971540794913318,0.39152333728158856,0.1941075710859885,0.19405964265295497
SCCD_k4_nc1_rf1_ra2,4,SCCD,1,1,2,2,33,24.251465064166368,1.804687500000002,0.9957624648678376,0.38893086269251814,0.18855218855218833,0.1534645859407113
SCCD_k5_nc1_rf1_ra2,5,SCCD,1,1,2,2.23606797749979,53,41.80819532649441,1.652499999999987,0.9755823779427417,0.35985581256893745,0.16909469772770408,0.11723652581061161
SCCD_k6_nc1_rf1_ra2,6,SCCD,1,1,2,2.449489742783178,89,73.60885671117036,1.5058396464646482,0.9485930070585491,0.3300780336100361,0.13612869155789167,0.07989650933751027
FCCD_k3_nc3_rf1_ra2,3,FCCD,3,1,2,1,23,8.865984225703684,1.365566037735849,0.7025782128195756,0.24556868700012607,0.2744176695817456,0.2754246585009283
FCCD_k4_nc3_rf1_ra2,4,FCCD,3,1,2,1,35,13.861417048861687,1.457051282051282,0.5266171287844494,0.22230132805132746,0.2335386420296231,0.29018097971665757
FCCD_k5_nc3_rf1_ra2,5,FCCD,3,1,2,1,55,23.125936662298173,1.5376093613298338,0.4544966797323227,0.19905194816565844,0.18172950492013054,0.2516495581429175
FCCD_k6_nc3_rf1_ra2,6,FCCD,3,1,2,1,91,40.393775615438585,1.6359365765079168,0.41151501628548737,0.18113442622191492,0.12530313443250943,0.18417133530158164
RCCD_k3_nc3_rf1_ra2,3,RCCD,3,1,2,1.681792830507429,23,15.15271498821172,1.0604462128337224,0.5392174216264917,0.41969760259154404,0.35337525392644137,0.358867048012525
RCCD_k4_nc3_rf1_ra2,4,RCCD,3,1,2,2,35,26.094324793432214,0.9713541666666664,0.43131199251013286,0.41848557299262773,0.3503127792672029,0.3543010095242244
RCCD_k5_nc3_rf1_ra2,5,RCCD,3,1,2,2.378414230005442,55,47.086453255401565,0.808418914565996,0.30896674643550853,0.4052873788234042,0.3456487508645709,0.37018187216447146
RCCD_k6_nc3_rf1_ra2,6,RCCD,3,1,2,2.8284271247461903,91,88.36948185857688,0.5647078804347822,0.23045544719196726,0.3962678691977342,0.36299826489300197,0.3288673406049654
SCCD_k3_nc3_rf1_ra2,3,SCCD,3,1,2,1.7320508075688772,23,15.776975294421783,1.0416666666666663,0.5084367202875667,0.43698826991507345,0.35974603174603187,0.38059281836799336
SCCD_k4_nc3_rf1_ra2,4,SCCD,3,1,2,2,35,26.094324793432214,0.9713541666666664,0.43685782771992215,0.41848557299262773,0.3503127792672029,0.34980321896444744
SCCD_k5_nc3_rf1_ra2,5,SCCD,3,1,2,2.23606797749979,55,44.053607810253666,0.8524999999999984,0.32855080728903685,0.3791827585800121,0.32777593899710183,0.3481162915890925
SCCD_k6_nc3_rf1_ra2,6,SCCD,3,1,2,2.449489742783178,91,76.55439297134825,0.7280618686868702,0.31929528793823353,0.34328645526100077,0.28155296903400023,0.23736419831103636
FCCD_k3_nc5_rf1_ra2,3,FCCD,5,1,2,1,25,9.076258313876897,1.3227611940298507,0.6501101012191007,0.2513928268167911,0.28329788583667287,0.2976532190057574
FCCD_k4_nc5_rf1_ra2,4,FCCD,5,1,2,1,37,14.010738318858516,1.4396288209606987,0.5471181273515844,0.22469605555354427,0.2363649385337411,0.27930764258528135
FCCD_k5_nc5_rf1_ra2,5,FCCD,5,1,2,1,57,23.26007008755407,1.528446071594607,0.43835612689219866,0.20020647522336016,0.18281900368490223,0.26091545575725267
FCCD_k6_nc5_rf1_ra2,6,FCCD,5,1,2,1,93,40.534913756223354,1.630284155028918,0.4069632415887827,0.18176732017053868,0.12573757779397338,0.1862312422863287
RCCD_k3_nc5_rf1_ra2,3,RCCD,5,1,2,1.681792830507429,25,15.943305178275203,0.8811458318178101,0.5155116929633183,0.4415952498224312,0.4252819864815882,0.3753694959345826
RCCD_k4_nc5_rf1_ra2,4,RCCD,5,1,2,2,37,26.998272741060646,0.8046875000000001,0.4429749370305846,0.43298256334640794,0.4228694714131606,0.34497273229635095
RCCD_k5_nc5_rf1_ra2,5,RCCD,5,1,2,2.378414230005442,57,48.19002399771534,0.6660133948893893,0.2805353010324496,0.41478614678268433,0.41955460676798556,0.4076987395566037
RCCD_k6_nc5_rf1_ra2,6,RCCD,5,1,2,2.8284271247461903,93,89.5162359386057,0.4899384469696965,0.22407547195947727,0.4014101625124565,0.4183953760663114,0.3382309959371919
SCCD_k3_nc5_rf1_ra2,3,SCCD,5,1,2,1.7320508075688772,25,16.603843085240484,0.8638888888888888,0.49655560633765183,0.45989072863199354,0.43377736946868783,0.3896992841612213
SCCD_k4_nc5_rf1_ra2,4,SCCD,5,1,2,2,37,26.998272741060646,0.8046875000000001,0.43133386425996545,0.43298256334640794,0.4228694714131606,0.35428304389785503
SCCD_k5_nc5_rf1_ra2,5,SCCD,5,1,2,2.23606797749979,57,45.138352869580324,0.6924999999999992,0.3188507158856532,0.3885194881782582,0.4035075638917388,0.35870670170638425
SCCD_k6_nc5_rf1_ra2,6,SCCD,5,1,2,2.449489742783178,93,77.96385171279567,0.5725063131313136,0.2070342649460263,0.34960677309526544,0.35805365996411886,0.3660711431786836
FCCD_k3_nc7_rf1_ra2,3,FCCD,7,1,2,1,27,9.250130700826237,1.2947530864197532,0.6486438370461823,0.256208717831456,0.289426187638345,0.29832606630045994
FCCD_k4_nc7_rf1_ra2,4,FCCD,7,1,2,1,39,14.140639139885598,1.4267110266159695,0.5084965151285744,0.22677932921362431,0.23850504512107548,0.300521773148446
FCCD_k5_nc7_rf1_ra2,5,FCCD,7,1,2,1,59,23.38031885496383,1.5211636072868864,0.45102149913221024,0.2012414928214345,0.18369423687003145,0.2535885514374007
FCCD_k6_nc7_rf1_ra2,6,FCCD,7,1,2,1,95,40.663915235062284,1.6255940589267739,0.44699079582784296,0.1823457907020811,0.12610035060325264,0.16955443099356415
RCCD_k3_nc7_rf1_ra2,3,RCCD,7,1,2,1.681792830507429,27,16.487299899595868,0.8040571923827861,0.5519056636417625,0.4566627331439586,0.46605571504800386,0.35061673956951483
RCCD_k4_nc7_rf1_ra2,4,RCCD,7,1,2,2,39,27.61072747521422,0.7332589285714285,0.4208709714986178,0.44280475542776104,0.46406223575173344,0.3630905543856133
RCCD_k5_nc7_rf1_ra2,5,RCCD,7,1,2,2.378414230005442,59,48.94363478110754,0.6028127105428144,0.31123256600883026,0.42127270327479044,0.46354196437465883,0.3674868928363271
RCCD_k6_nc7_rf1_ra2,6,RCCD,7,1,2,2.8284271247461903,95,90.36647270705905,0.44994549418604646,0.21722407092608273,0.4052228080713358,0.4555840283278199,0.3488990410815935
SCCD_k3_nc7_rf1_ra2,3,SCCD,7,1,2,1.7320508075688772,27,17.172021516989638,0.7876984126984127,0.49065631363692425,0.4756280486987181,0.47573467674223346,0.3943847433688903
SCCD_k4_nc7_rf1_ra2,4,SCCD,7,1,2,2,39,27.61072747521422,0.7332589285714285,0.4579904238467515,0.44280475542776104,0.46406223575173344,0.3336625973153056
SCCD_k5_nc7_rf1_ra2,5,SCCD,7,1,2,2.23606797749979,59,45.86740659255224,0.6239285714285712,0.3193154561037148,0.3947946746061261,0.44785413073044134,0.35818463042049875
SCCD_k6_nc7_rf1_ra2,6,SCCD,7,1,2,2.449489742783178,95,78.90638464357929,0.5058396464646464,0.23744395544953534,0.3538332946078397,0.4052430097203888,0.31918803703578813
FCCD_k3_nc10_rf1_ra2,3,FCCD,10,1,2,1,30,9.465844906735995,1.267156862745098,0.6244794930001638,0.26218353720446586,0.295729329771883,0.30986984601586165
FCCD_k4_nc10_rf1_ra2,4,FCCD,10,1,2,1,42,14.30871497630967,1.412579617834395,0.5264170304821114,0.22947483152184447,0.24089104322448923,0.29029128146992517
FCCD_k5_nc10_rf1_ra2,5,FCCD,10,1,2,1,62,23.540277561730537,1.512668715353097,0.4493098948649636,0.20261830590679944,0.18472583266839274,0.25455457344520804
FCCD_k6_nc10_rf1_ra2,6,FCCD,10,1,2,1,98,40.83880984312522,1.6198865587090867,0.3963233567189786,0.18313005595082596,0.1265446519493247,0.19123089457402404
RCCD_k3_nc10_rf1_ra2,3,RCCD,10,1,2,1.681792830507429,30,17.084744513261644,0.7461436213695807,0.5423042938422787,0.47321066348065594,0.5022296498998486,0.3568243263666706
RCCD_k4_nc10_rf1_ra2,4,RCCD,10,1,2,2,42,28.275132368021136,0.6796875,0.4490480350355949,0.4534600938765026,0.5006385696040868,0.3403071886376957
RCCD_k5_nc10_rf1_ra2,5,RCCD,10,1,2,2.378414230005442,62,49.762983524480504,0.5545203522186986,0.27892656383715025,0.42832508631886235,0.5039111492968686,0.41005018331218773
RCCD_k6_nc10_rf1_ra2,6,RCCD,10,1,2,2.8284271247461903,98,91.33742059114834,0.4158135775862067,0.2303498320716477,0.40957674838011643,0.4929804888988564,0.3290181258841853
SCCD_k3_nc10_rf1_ra2,3,SCCD,10,1,2,1.7320508075688772,30,17.795558394877485,0.7305555555555555,0.5036903431484274,0.4928986786142505,0.5129458627557487,0.3841792223501124
SCCD_k4_nc10_rf1_ra2,4,SCCD,10,1,2,2,42,28.275132368021136,0.6796875,0.3917216695396037,0.4534600938765026,0.5006385696040868,0.3901093205945172
SCCD_k5_nc10_rf1_ra2,5,SCCD,10,1,2,2.23606797749979,62,46.65309592047232,0.5724999999999998,0.2967038651796612,0.40155734085654543,0.4880855685502688,0.3854816268160376
SCCD_k6_nc10_rf1_ra2,6,SCCD,10,1,2,2.449489742783178,98,79.9179542178012,0.45583964646464636,0.22480637723474947,0.35836939136083057,0.44969318127340424,0.33713131708362937
FCCD_k3_nc1_rf2_ra2,3,FCCD,1,2,2,1,29,13.207239804288426,1.100487012987013,0.36578355236979165,0.36581212588131967,0.34051783011806613,0.5290215021488893
FCCD_k4_nc1_rf2_ra2,4,FCCD,1,2,2,1,49,22.116869634578766,1.1895768431983385,0.36616567385792476,0.35469746525725476,0.28604942986524085,0.4173364279512939
FCCD_k5_nc1_rf2_ra2,5,FCCD,1,2,2,1,85,38.429698568919775,1.3223133484162897,0.35379050727610706,0.33077606668504633,0.21131828422491217,0.3232813947232389
FCCD_k6_nc1_rf2_ra2,6,FCCD,1,2,2,1,153,68.92492770839614,1.4807970705061222,0.36893654057848513,0.30907428292183786,0.1384308389394421,0.2054263042828836
RCCD_k3_nc1_rf2_ra2,3,RCCD,1,2,2,1.681792830507429,29,19.253074353602894,1.6909866004614433,0.9748765327971266,0.5332687346795737,0.22160758082482168,0.19849422755188353
RCCD_k4_nc1_rf2_ra2,4,RCCD,1,2,2,2,49,36.63085576170666,1.5729166666666605,0.9935951016339262,0.587464315861756,0.21633554083885292,0.1537993435303254
RCCD_k5_nc1_rf2_ra2,5,RCCD,1,2,2,2.378414230005442,85,71.38622828897968,1.199640545867769,0.7782751130722487,0.6144429097345694,0.23292726221828533,0.14695817290182905
RCCD_k6_nc1_rf2_ra2,6,RCCD,1,2,2,2.8284271247461903,153,143.14214375313182,0.5573567708333308,0.320739326976591,0.6418803313594847,0.3677859344253473,0.23629553245112894
SCCD_k3_nc1_rf2_ra2,3,SCCD,1,2,2,1.7320508075688772,29,19.910026265766064,1.6954365079365046,0.9981151275211934,0.551464889148744,0.22102594109615806,0.19387278982194897
SCCD_k4_nc1_rf2_ra2,4,SCCD,1,2,2,2,49,36.63085576170666,1.5729166666666605,0.9893868563315374,0.587464315861756,0.21633554083885292,0.15445351167575816
SCCD_k5_nc1_rf2_ra2,5,SCCD,1,2,2,2.23606797749979,85,66.69855888803113,1.4581547619047583,0.9809490364299668,0.5740947179946623,0.19163191404320917,0.11659513836550633
SCCD_k6_nc1_rf2_ra2,6,SCCD,1,2,2,2.449489742783178,153,122.3309561969647,1.3591465643274874,0.9704748611558698,0.548558465315791,0.15082110064462387,0.0780950368520444
FCCD_k3_nc3_rf2_ra2,3,FCCD,3,2,2,1,31,13.597113205333873,1.0389563106796116,0.3559610338265562,0.37661078023865985,0.3606845118350784,0.5436195143491789
FCCD_k4_nc3_rf2_ra2,4,FCCD,3,2,2,1,51,22.394294588382074,1.1668281653746768,0.3334722422392133,0.3591466449801979,0.2916262975778547,0.4582518573063867
FCCD_k5_nc3_rf2_ra2,5,FCCD,3,2,2,1,87,38.68086987345389,1.3108764914805702,0.34225084583794324,0.33293797425319827,0.21316194913178096,0.33418146375076735
FCCD_k6_nc3_rf2_ra2,6,FCCD,3,2,2,1,155,69.19066409394962,1.473967793006808,0.3872079039149024,0.3102659023481021,0.13907222514751644,0.19573275565833156
RCCD_k3_nc3_rf2_ra2,3,RCCD,3,2,2,1.681792830507429,31,21.455611801205116,0.8187326406456823,0.32930495382353175,0.5942742829985318,0.4577018566646125,0.5876236056859352
RCCD_k4_nc3_rf2_ra2,4,RCCD,3,2,2,2,51,39.414420744407025,0.7395833333333327,0.329690652234674,0.6321055087636228,0.46009389671361534,0.4635080592381233
RCCD_k5_nc3_rf2_ra2,5,RCCD,3,2,2,2.378414230005442,87,74.71542890938856,0.6130542971595834,0.304019575716747,0.6430983488202895,0.4557981067740416,0.3762056715013098
RCCD_k6_nc3_rf2_ra2,6,RCCD,3,2,2,2.8284271247461903,155,145.77756332804606,0.4044921874999992,0.19799039021556594,0.6536981227217175,0.5067785907959745,0.3827926697019651
SCCD_k3_nc3_rf2_ra2,3,SCCD,3,2,2,1.7320508075688772,31,22.222041710845218,0.806547619047619,0.3327835633324954,0.6155027424449513,0.46461664616646176,0.5814811356613917
SCCD_k4_nc3_rf2_ra2,4,SCCD,3,2,2,2,51,39.414420744407025,0.7395833333333327,0.3316149540422745,0.6321055087636228,0.46009389671361534,0.4608184055136546
SCCD_k5_nc3_rf2_ra2,5,SCCD,3,2,2,2.23606797749979,87,70.28076987815805,0.6581547619047605,0.32734089188152754,0.6049278940401395,0.424564257783892,0.34940299690225296
SCCD_k6_nc3_rf2_ra2,6,SCCD,3,2,2,2.449489742783178,155,127.22615880327983,0.581368786549708,0.3265237142968396,0.5705096125365033,0.35259543599818616,0.2321095428219067
FCCD_k3_nc5_rf2_ra2,3,FCCD,5,2,2,1,33,13.906631984120233,1.0022286821705426,0.3434684776964262,0.3851837844504304,0.37390214070094185,0.5633919177498878
FCCD_k4_nc5_rf2_ra2,4,FCCD,5,2,2,1,53,22.63062436413304,1.1507082413539367,0.33984986310521353,0.3629367641882356,0.29571160225410653,0.4496523051972961
FCCD_k5_nc5_rf2_ra2,5,FCCD,5,2,2,1,89,38.903134502845745,1.3020327357675048,0.34468794981547113,0.3348510733044853,0.21460980228758592,0.3318186455119542
FCCD_k6_nc5_rf2_ra2,6,FCCD,5,2,2,1,157,69.4314129005131,1.4684043503765143,0.3756232106875181,0.3113454720658637,0.13959913746964156,0.20176940053100076
RCCD_k3_nc5_rf2_ra2,3,RCCD,5,2,2,1.681792830507429,33,22.57305092798902,0.6410106308101752,0.30589243295225405,0.6252249425283948,0.5846009905667563,0.6325993829544263
RCCD_k4_nc5_rf2_ra2,4,RCCD,5,2,2,2,53,40.779797508163625,0.572916666666667,0.24579595386214387,0.6540026255449437,0.5939393939393935,0.6217119198469458
RCCD_k5_nc5_rf2_ra2,5,RCCD,5,2,2,2.378414230005442,89,76.44279769496745,0.47368503319343375,0.1893279148891097,0.6579663356608214,0.5899046168108953,0.6041047285554877
RCCD_k6_nc5_rf2_ra2,6,RCCD,5,2,2,2.8284271247461903,157,147.53992051009294,0.33897879464285646,0.1379604131633124,0.6616009134884742,0.6047221360415873,0.5493551976843807
SCCD_k3_nc5_rf2_ra2,3,SCCD,5,2,2,1.7320508075688772,33,23.386694009148822,0.6287698412698414,0.28293833607289537,0.647761105242049,0.5959819080677395,0.683920627447846
SCCD_k4_nc5_rf2_ra2,4,SCCD,5,2,2,2,53,40.779797508163625,0.572916666666667,0.23646168361040762,0.6540026255449437,0.5939393939393935,0.6462538540409801
SCCD_k5_nc5_rf2_ra2,5,SCCD,5,2,2,2.23606797749979,89,72.01131413277093,0.4981547619047616,0.19459019225152585,0.6198232131053847,0.5609280676683578,0.5877680026351135
SCCD_k6_nc5_rf2_ra2,6,SCCD,5,2,2,2.449489742783178,157,129.56854589180625,0.4258132309941524,0.19577305091444014,0.5810133828527322,0.48140350240090535,0.3871282063182075
FCCD_k3_nc7_rf2_ra2,3,FCCD,7,2,2,1,35,14.164334055029062,0.9778225806451613,0.36694143260096995,0.3923215773428232,0.38323460426553213,0.5273521797862861
FCCD_k4_nc7_rf2_ra2,4,FCCD,7,2,2,1,55,22.836759578698423,1.1386881824020552,0.3432764126121861,0.3662426406216839,0.2988331511968132,0.44516392257596077
FCCD_k5_nc7_rf2_ra2,5,FCCD,7,2,2,1,91,39.10258326704323,1.294989971161312,0.34331637565717843,0.33656778928673853,0.21577695134151845,0.33314428539310675
FCCD_k6_nc7_rf2_ra2,6,FCCD,7,2,2,1,159,69.65153809476277,1.4637846514752002,0.37038292583942195,0.3123325610455372,0.14003971182690303,0.20462409241512514
RCCD_k3_nc7_rf2_ra2,3,RCCD,7,2,2,1.681792830507429,35,23.34236505760856,0.5645035421273192,0.3130607183116691,0.646533288662557,0.6638318837172703,0.6181144839237765
RCCD_k4_nc7_rf2_ra2,4,RCCD,7,2,2,2,55,41.704885578842834,0.5014880952380952,0.2416229810576788,0.6688386488715282,0.678536102868447,0.6324492550225008
RCCD_k5_nc7_rf2_ra2,5,RCCD,7,2,2,2.378414230005442,91,77.62748282318606,0.41124579461060834,0.15848984466383945,0.6681632797318151,0.6794695329580417,0.7216480581115573
RCCD_k6_nc7_rf2_ra2,6,RCCD,7,2,2,2.8284271247461903,159,148.87012804228962,0.30258246527777755,0.1196658760218237,0.6675658517600138,0.6774615329445713,0.6333407030098411
SCCD_k3_nc7_rf2_ra2,3,SCCD,7,2,2,1.7320508075688772,35,24.18697952483931,0.552579365079365,0.29859790355104254,0.6699272921323414,0.6781567923399163,0.6480533253407315
SCCD_k4_nc7_rf2_ra2,4,SCCD,7,2,2,2,55,41.704885578842834,0.5014880952380952,0.2294610811872442,0.6688386488715282,0.678536102868447,0.6659703404846493
SCCD_k5_nc7_rf2_ra2,5,SCCD,7,2,2,2.23606797749979,91,73.1744074520218,0.4295833333333334,0.16165935542161092,0.6298343099303959,0.6504651514918226,0.7074993484526314
SCCD_k6_nc7_rf2_ra2,6,SCCD,7,2,2,2.449489742783178,159,131.13494645583492,0.35914656432748565,0.13940431760524724,0.5880374617628149,0.5707641423580866,0.5436651557705956
FCCD_k3_nc10_rf2_ra2,3,FCCD,10,2,2,1,38,14.485822651990533,0.9534793814432989,0.34235100185111195,0.40122611976378325,0.3930189336325301,0.5652308983754055
FCCD_k4_nc10_rf2_ra2,4,FCCD,10,2,2,1,58,23.1041087922232,1.1254719525350594,0.34860024585977883,0.3705302314942864,0.3023422991673156,0.4383653660064052
FCCD_k5_nc10_rf2_ra2,5,FCCD,10,2,2,1,94,39.368143305509555,1.286758692026429,0.3492478494494207,0.33885354505021625,0.21715725701061717,0.3274863075388131
FCCD_k6_nc10_rf2_ra2,6,FCCD,10,2,2,1,162,69.95008236136414,1.458158614655325,0.4013443242038246,0.31367129810610583,0.14058002929789992,0.18883852461673378
RCCD_k3_nc10_rf2_ra2,3,RCCD,10,2,2,1.681792830507429,38,24.18752022203257,0.5069884135900465,0.31375512662975447,0.6699422682812306,0.7391400664995528,0.61674646216816
RCCD_k4_nc10_rf2_ra2,4,RCCD,10,2,2,2,58,42.70844226011501,0.4479166666666667,0.24495785132324988,0.6849331060424786,0.7596899224806201,0.6238390545179501
RCCD_k5_nc10_rf2_ra2,5,RCCD,10,2,2,2.378414230005442,94,78.91864483241456,0.36328958004729905,0.151103689672302,0.6792767025992839,0.7691632332494869,0.7569232020747098
RCCD_k6_nc10_rf2_ra2,6,RCCD,10,2,2,2.8284271247461903,162,150.40755781965672,0.2707356770833331,0.1263115067913655,0.6744600193969069,0.7571517096586237,0.6000187312398618
SCCD_k3_nc10_rf2_ra2,3,SCCD,10,2,2,1.7320508075688772,38,25.06523801546222,0.49543650793650795,0.30772332865411073,0.6942531626616072,0.7563743158456815,0.6288355360718575
SCCD_k4_nc10_rf2_ra2,4,SCCD,10,2,2,2,58,42.70844226011501,0.4479166666666667,0.24889701251498403,0.6849331060424786,0.7596899224806201,0.6139658842110253
SCCD_k5_nc10_rf2_ra2,5,SCCD,10,2,2,2.23606797749979,94,74.42785418648937,0.3781547619047618,0.17007612304568748,0.6406231059934938,0.73892759299803,0.6724864524418744
SCCD_k6_nc10_rf2_ra2,6,SCCD,10,2,2,2.449489742783178,162,132.81607939014864,0.3091465643274851,0.11723221384751112,0.595576025435563,0.6630770140213588,0.6464884314522339
FCCD_k3_nc1_rf3_ra2,3,FCCD,1,3,2,1,37,17.17507188131808,0.9777950310559007,0.30163415547420314,0.475712537227452,0.3832454019844841,0.6415300151662485
FCCD_k4_nc1_rf3_ra2,4,FCCD,1,3,2,1,65,29.475174803001806,1.0875779625779627,0.31393747482064815,0.4727056750514849,0.31287667595911317,0.4867665908746551
FCCD_k5_nc1_rf3_ra2,5,FCCD,1,3,2,1,117,52.092817502121406,1.244842587004627,0.326407820997823,0.4483786737226549,0.2244693352493653,0.3504018019005277
FCCD_k6_nc1_rf3_ra2,6,FCCD,1,3,2,1,217,94.5774068109379,1.4261866455660668,0.36815443599640985,0.42410554733359157,0.1437315244863123,0.205862710416151
RCCD_k3_nc1_rf3_ra2,3,RCCD,1,3,2,1.681792830507429,37,24.1181534223883,1.592356533906698,0.9699279415822919,0.6680209571806921,0.23533388519220083,0.19950694895988447
RCCD_k4_nc1_rf3_ra2,4,RCCD,1,3,2,2,65,47.41653493819587,1.4882812500000044,0.9864845940049982,0.7604387524880603,0.22863808690580273,0.15490791776670212
RCCD_k5_nc1_rf3_ra2,5,RCCD,1,3,2,2.378414230005442,117,94.77987508245498,1.114645753980726,0.7683006404490328,0.8157991201635317,0.250688603977637,0.14886605920986393
RCCD_k6_nc1_rf3_ra2,6,RCCD,1,3,2,2.8284271247461903,217,193.7614158705265,0.4871651785714286,0.2971919847792104,0.8688680954656678,0.42077716098334644,0.2550178804527841
SCCD_k3_nc1_rf3_ra2,3,SCCD,1,3,2,1.7320508075688772,37,24.86319856811408,1.6064814814814878,0.9983810215469278,0.6886571046781432,0.23326471799094187,0.19382115661232902
SCCD_k4_nc1_rf3_ra2,4,SCCD,1,3,2,2,65,47.41653493819587,1.4882812500000044,0.981094519888637,0.7604387524880603,0.22863808690580273,0.15575897252345325
SCCD_k5_nc1_rf3_ra2,5,SCCD,1,3,2,2.23606797749979,117,88.71978670816081,1.3889942528735781,0.9871525861642589,0.7636381022305423,0.20117360991014951,0.11586242110399603
SCCD_k6_nc1_rf3_ra2,6,SCCD,1,3,2,2.449489742783178,217,165.9676765880088,1.3080632716049394,0.966097740686343,0.744234957295336,0.15671105918119616,0.07844886376828444
FCCD_k3_nc3_rf3_ra2,3,FCCD,3,3,2,1,39,17.67249723547661,0.9200513538748832,0.293546062353867,0.4894901492772397,0.40729840585225596,0.6592061320269145
FCCD_k4_nc3_rf3_ra2,4,FCCD,3,3,2,1,67,29.841818767203897,1.0654809352995882,0.3106928495685134,0.47858569726543465,0.3193654306748338,0.4918499881103523
FCCD_k5_nc3_rf3_ra2,5,FCCD,3,3,2,1,119,52.43207098285153,1.2335505529225907,0.33525044624801953,0.45129873128604875,0.2265241479832273,0.34115954180549507
FCCD_k6_nc3_rf3_ra2,6,FCCD,3,3,2,1,219,94.94148070677217,1.419395441474631,0.3739621399027255,0.42573813342438305,0.14441921875997127,0.2026656229576195
RCCD_k3_nc3_rf3_ra2,3,RCCD,3,3,2,1.681792830507429,39,26.870974844514386,0.726672035266474,0.32992666108454743,0.7442681876029489,0.5156871759872148,0.5865162994100549
RCCD_k4_nc3_rf3_ra2,4,RCCD,3,3,2,2,67,51.01969963392565,0.6549479166666663,0.330650227419804,0.8182242079162384,0.5195493704440028,0.46216291928396874
RCCD_k5_nc3_rf3_ra2,5,RCCD,3,3,2,2.378414230005442,119,99.14036458103038,0.5429508860834652,0.29844000967184875,0.8533311752894267,0.5146487374036139,0.3832391265427933
RCCD_k6_nc3_rf3_ra2,6,RCCD,3,3,2,2.8284271247461903,219,197.16591034163997,0.34744086779448596,0.186991969441327,0.8841345849979096,0.5899938659216185,0.4053076197463706
SCCD_k3_nc3_rf3_ra2,3,SCCD,3,3,2,1.7320508075688772,39,27.750392102478724,0.7175925925925919,0.3321478100708397,0.7686261534943684,0.5222119815668208,0.5825941296880847
SCCD_k4_nc3_rf3_ra2,4,SCCD,3,3,2,2,67,51.01969963392565,0.6549479166666663,0.33167849370451824,0.8182242079162384,0.5195493704440028,0.46073012651336426
SCCD_k5_nc3_rf3_ra2,5,SCCD,3,3,2,2.23606797749979,119,93.48470217689267,0.5889942528735619,0.3298818152071206,0.8046511742952958,0.47441717237776376,0.34671171116313565
SCCD_k6_nc3_rf3_ra2,6,SCCD,3,3,2,2.449489742783178,219,172.60904871698628,0.5302854938271603,0.32591032063404074,0.7740163063170592,0.38656154685619953,0.23254639466005994
FCCD_k3_nc5_rf3_ra2,3,FCCD,5,3,2,1,41,18.068916712363006,0.8852842183994017,0.27978091867249744,0.5004701158508372,0.42329394554550326,0.6916388910801227
FCCD_k4_nc5_rf3_ra2,4,FCCD,5,3,2,1,69,30.154534518188044,1.0497812748551303,0.30614296826172693,0.4836008502257197,0.3241415959002851,0.49915983775136463
FCCD_k5_nc5_rf3_ra2,5,FCCD,5,3,2,1,121,52.732403825707735,1.224811225284135,0.31618323678153903,0.4538837871193167,0.22814045317898365,0.3617329299183771
FCCD_k6_nc5_rf3_ra2,6,FCCD,5,3,2,1,221,95.2713681038842,1.4138613441773826,0.3563309314105065,0.42721741986105105,0.14498450050524403,0.21269349182217995
RCCD_k3_nc5_rf3_ra2,3,RCCD,5,3,2,1.681792830507429,41,28.269106514172485,0.5497917809923235,0.21978843283323268,0.7829934266323453,0.6815952196649553,0.8804256067599805
RCCD_k4_nc5_rf3_ra2,4,RCCD,5,3,2,2,69,52.78710128688256,0.48828125000000006,0.19738046728775444,0.8465687655662586,0.6968888888888887,0.7742117366834578
RCCD_k5_nc5_rf3_ra2,5,RCCD,5,3,2,2.378414230005442,121,101.41779789608516,0.40497431092614744,0.18679533935454876,0.8729337343035262,0.6899918845617505,0.6122951944479385
RCCD_k6_nc5_rf3_ra2,6,RCCD,5,3,2,2.8284271247461903,221,199.4777257368504,0.28553769213381575,0.13447533848943227,0.8945012652292665,0.7179016515730756,0.5635923351991132
SCCD_k3_nc5_rf3_ra2,3,SCCD,5,3,2,1.7320508075688772,41,29.204784023865713,0.5398148148148147,0.22664665319354696,0.8089096804470961,0.6941925998529773,0.8537843449679212
SCCD_k4_nc5_rf3_ra2,4,SCCD,5,3,2,2,69,52.78710128688256,0.48828125000000006,0.19832119337337842,0.8465687655662586,0.6968888888888887,0.7705393042817267
SCCD_k5_nc5_rf3_ra2,5,SCCD,5,3,2,2.23606797749979,121,95.7866037429523,0.4289942528735633,0.1949912183279776,0.8244643389640697,0.6513583483305647,0.5865591774481034
SCCD_k6_nc5_rf3_ra2,6,SCCD,5,3,2,2.449489742783178,221,175.78698956563392,0.37472993827160567,0.19486486036167325,0.7882668804071665,0.5470285659979872,0.3889324627605195
FCCD_k3_nc7_rf3_ra2,3,FCCD,7,3,2,1,43,18.399767172167568,0.8620555208983156,0.28693585905752605,0.5096339617295665,0.4346999011675629,0.6743924059252175
FCCD_k4_nc7_rf3_ra2,4,FCCD,7,3,2,1,71,30.427539235490027,1.0380521091811417,0.2970176910410563,0.4879791407718144,0.32780413889453286,0.5144955299821569
FCCD_k5_nc7_rf3_ra2,5,FCCD,7,3,2,1,123,53.00199370246391,1.2178469016645685,0.3308243670213515,0.45620422892272017,0.22944508674538788,0.3457238947114206
FCCD_k6_nc7_rf3_ra2,6,FCCD,7,3,2,1,223,95.57303189557602,1.4092648720414442,0.3616855024015951,0.4285701455468159,0.1454573833748425,0.20954467221580314
RCCD_k3_nc7_rf3_ra2,3,RCCD,7,3,2,1.681792830507429,43,29.23194844319033,0.47359512059651543,0.22047006878940534,0.8096620764154228,0.7912569902820213,0.8777035603906116
RCCD_k4_nc7_rf3_ra2,4,RCCD,7,3,2,2,71,53.98457456213493,0.4168526785714286,0.17693763145673178,0.8657731440548515,0.8163022460211213,0.8636618061862883
RCCD_k5_nc7_rf3_ra2,5,RCCD,7,3,2,2.378414230005442,123,102.98287055350717,0.34288722911056907,0.13302901276439347,0.8864047891641295,0.8149297036225365,0.8597664994675162
RCCD_k6_nc7_rf3_ra2,6,RCCD,7,3,2,2.8284271247461903,223,201.23564878730804,0.2506022365629425,0.10494695263848727,0.9023841723909635,0.8179814497295794,0.7221674202110759
SCCD_k3_nc7_rf3_ra2,3,SCCD,7,3,2,1.7320508075688772,43,30.20416280027703,0.4636243386243385,0.2029977103402152,0.836590322290291,0.8082738944365195,0.9532489997631713
SCCD_k4_nc7_rf3_ra2,4,SCCD,7,3,2,2,71,53.98457456213493,0.4168526785714286,0.17450461088713215,0.8657731440548515,0.8163022460211213,0.8757033615867236
SCCD_k5_nc7_rf3_ra2,5,SCCD,7,3,2,2.23606797749979,123,97.3337045038377,0.360422824302135,0.1402899625467109,0.8377807042624691,0.7752810564538201,0.8152677964681914
SCCD_k6_nc7_rf3_ra2,6,SCCD,7,3,2,2.449489742783178,223,177.91214145114216,0.3080632716049381,0.13935922557487634,0.797796521089451,0.6654086990029383,0.5438410678109681
FCCD_k3_nc10_rf3_ra2,3,FCCD,10,3,2,1,46,18.813317403307998,0.8387862137862138,0.29206338789971925,0.5210884133374696,0.44675919033519157,0.6625526250570831
FCCD_k4_nc10_rf3_ra2,4,FCCD,10,3,2,1,74,30.781901609481054,1.0251334890705823,0.31311058996174523,0.4936621979997979,0.3319350908009883,0.48805207893132935
FCCD_k5_nc10_rf3_ra2,5,FCCD,10,3,2,1,126,53.36105654555287,1.2097019907744597,0.3254519655210413,0.45929479167373194,0.23098993812198026,0.35143093528088565
FCCD_k6_nc10_rf3_ra2,6,FCCD,10,3,2,1,226,95.98221217587866,1.4036657234415224,0.34648219515384043,0.43040499842116847,0.1460376052117587,0.21873929196361552
RCCD_k3_nc10_rf3_ra2,3,RCCD,10,3,2,1.681792830507429,46,30.289879845571594,0.41629276009470895,0.21833211814210665,0.8389645000161539,0.9001728726922739,0.8862982046923359
RCCD_k4_nc10_rf3_ra2,4,RCCD,10,3,2,2,74,55.28362093848926,0.36328125000000006,0.16178987048920687,0.8866064927410557,0.9366786140979687,0.9445231268445767
RCCD_k5_nc10_rf3_ra2,5,RCCD,10,3,2,2.378414230005442,126,104.69055203384056,0.2950866757305394,0.11437388863206209,0.9011033213996232,0.9469386826879009,1
RCCD_k6_nc10_rf3_ra2,6,RCCD,10,3,2,2.8284271247461903,226,203.27784150805775,0.21970782249466955,0.08306382006877647,0.9115418062360698,0.9330026507099175,0.9124221590482733
SCCD_k3_nc10_rf3_ra2,3,SCCD,10,3,2,1.7320508075688772,46,31.30091249588318,0.4064814814814814,0.20534093453861343,0.8669679290919108,0.9219004230393755,0.9423711096417355
SCCD_k4_nc10_rf3_ra2,4,SCCD,10,3,2,2,74,55.28362093848926,0.36328125000000006,0.16590274906390493,0.8866064927410557,0.9366786140979687,0.9211075478163504
SCCD_k5_nc10_rf3_ra2,5,SCCD,10,3,2,2.23606797749979,126,99.00098980633858,0.30899425287356297,0.12241972324716122,0.8521315343480597,0.9043177515323175,0.9342766475721003
SCCD_k6_nc10_rf3_ra2,6,SCCD,10,3,2,2.449489742783178,226,180.19295193295014,0.25806327160493814,0.095436306172991,0.8080241685833712,0.7943322561725913,0.7941345708474109
FCCD_k3_nc1_rf1_ra3,3,FCCD,1,1,3,1,27,10.116515571169497,1.1793758043758042,0.6214450674740744,0.28020571462625715,0.3177404931872263,0.31138289522926643
FCCD_k4_nc1_rf1_ra3,4,FCCD,1,1,3,1,41,15.605610018596762,1.1756618649016937,0.5008042004404479,0.25027367836609826,0.2894350730736946,0.3051377648826577
FCCD_k5_nc1_rf1_ra3,5,FCCD,1,1,3,1,63,25.60073077655058,1.1814682823488616,0.38900731052218684,0.22035325141422893,0.23650993612752744,0.2940147538063782
FCCD_k6_nc1_rf1_ra3,6,FCCD,1,1,3,1,101,44.13384557472507,1.2025717681967683,0.32104665806157756,0.1979057088213621,0.17045800191751218,0.23606933180227574
RCCD_k3_nc1_rf1_ra3,3,RCCD,1,1,3,1.681792830507429,27,16.329806277194233,1.885343351748233,0.9781839605235404,0.4523004986667149,0.19876244260121992,0.19782308046888822
RCCD_k4_nc1_rf1_ra3,4,RCCD,1,1,3,2,41,28.33084770652228,1.7625000000000017,0.9834955942610406,0.454353624003904,0.19306540583136306,0.1553787075996648
RCCD_k5_nc1_rf1_ra3,5,RCCD,1,1,3,2.378414230005442,63,51.3357368628891,1.36353291971148,0.7948543639748517,0.4418622511293433,0.20493013696666396,0.14389288631455605
RCCD_k6_nc1_rf1_ra3,6,RCCD,1,1,3,2.8284271247461903,101,97.3399100981086,0.6781374007936495,0.32202377822235,0.4364932095472364,0.3022808954782993,0.2353530241286082
SCCD_k3_nc1_rf1_ra3,3,SCCD,1,1,3,1.7320508075688772,27,17.02578766037914,1.8735754985754967,0.996876825700649,0.4715776855073766,0.20001086159611176,0.1941136149895135
SCCD_k4_nc1_rf1_ra3,4,SCCD,1,1,3,2,41,28.33084770652228,1.7625000000000017,0.9849568503387267,0.454353624003904,0.19306540583136306,0.15514819183570525
SCCD_k5_nc1_rf1_ra3,5,SCCD,1,1,3,2.23606797749979,63,47.49280880743521,1.6230376344085857,0.9852536805560456,0.4087850042584896,0.17216420745342062,0.11608572582800517
SCCD_k6_nc1_rf1_ra3,6,SCCD,1,1,3,2.449489742783178,101,81.70606063657605,1.4858564814814872,0.9407320767883914,0.36638764727411827,0.13795947544331166,0.0805641392655503
FCCD_k3_nc3_rf1_ra3,3,FCCD,3,1,3,1,29,10.36145076571464,1.131838905775076,0.6116072240481163,0.28698989251258733,0.3310854997326968,0.3163915610009219
FCCD_k4_nc3_rf1_ra3,4,FCCD,3,1,3,1,43,15.751596448981847,1.162032334518368,0.5487266461664685,0.25261492365420124,0.29282987027965446,0.27848888956612683
FCCD_k5_nc3_rf1_ra3,5,FCCD,3,1,3,1,65,25.720002071755047,1.175451496388029,0.38246940982306765,0.22137985561268264,0.23772056001771966,0.29904061787574604
FCCD_k6_nc3_rf1_ra3,6,FCCD,3,1,3,1,103,44.25250401757877,1.1991979208117787,0.3436647948882547,0.1984377989425558,0.17093757186509068,0.22053253976914858
RCCD_k3_nc3_rf1_ra3,3,RCCD,3,1,3,1.681792830507429,29,18.202552446393998,1.001361795079644,0.4343538974468671,0.5041715381528472,0.37422583084033567,0.4455062230901132
RCCD_k4_nc3_rf1_ra3,4,RCCD,3,1,3,2,43,30.483698191891847,0.9291666666666674,0.4223390873271273,0.4888797853845618,0.36621823617339283,0.3618283955988209
RCCD_k5_nc3_rf1_ra3,5,RCCD,3,1,3,2.378414230005442,65,53.74411438699797,0.7753206588279022,0.3026566199935089,0.4625918866503902,0.36040441437154275,0.3778998411946683
RCCD_k6_nc3_rf1_ra3,6,RCCD,3,1,3,2.8284271247461903,103,99.13205528866389,0.5277901785714271,0.21541764317072584,0.4445295761866928,0.38838915366722615,0.351824803810915
SCCD_k3_nc3_rf1_ra3,3,SCCD,3,1,3,1.7320508075688772,29,19.002876163929653,0.9846866096866096,0.4815974446558533,0.5263387831520556,0.38056316197365025,0.4018031376273255
SCCD_k4_nc3_rf1_ra3,4,SCCD,3,1,3,2,43,30.483698191891847,0.9291666666666674,0.4264656159779769,0.4888797853845618,0.36621823617339283,0.35832730386905626
SCCD_k5_nc3_rf1_ra3,5,SCCD,3,1,3,2.23606797749979,65,50.04352751108201,0.8230376344086014,0.3278600151069359,0.4307398134667677,0.3395093690895607,0.34884976319774014
SCCD_k6_nc3_rf1_ra3,6,SCCD,3,1,3,2.449489742783178,103,84.97561507654898,0.708078703703703,0.32133989765345766,0.3810490365219077,0.28949886459939117,0.23585390609566848
FCCD_k3_nc5_rf1_ra3,3,FCCD,5,1,3,1,31,10.563267248330385,1.1009816207184628,0.6283978789350777,0.29257977485269476,0.34036485503809794,0.30793764718613276
FCCD_k4_nc5_rf1_ra3,4,FCCD,5,1,3,1,45,15.880793690472835,1.1515463531526136,0.5356309742103132,0.2546869137157349,0.29549637914808363,0.28529768016411033
FCCD_k5_nc5_rf1_ra3,5,FCCD,5,1,3,1,67,25.829143289025655,1.170458581743955,0.38454212695083384,0.22231926715912623,0.23873462278236823,0.2974287616781334
FCCD_k6_nc5_rf1_ra3,6,FCCD,5,1,3,1,105,44.36314842850426,1.196279761904762,0.3171191909815404,0.19893395241130932,0.17135455041289094,0.238993010203416
RCCD_k3_nc5_rf1_ra3,3,RCCD,5,1,3,1.681792830507429,31,19.151558355176842,0.8218006569408478,0.4682447110226675,0.5304569599449966,0.45599312506076856,0.4132611854032378
RCCD_k4_nc5_rf1_ra3,4,RCCD,5,1,3,2,45,31.539700852808398,0.7625000000000001,0.40182428139328275,0.5058153406109852,0.44626593806921666,0.3803012447042215
RCCD_k5_nc5_rf1_ra3,5,RCCD,5,1,3,2.378414230005442,67,54.990096200691546,0.6365250238004645,0.2976920041295575,0.4733164298771742,0.43899136333503075,0.384202084857764
RCCD_k6_nc5_rf1_ra3,6,RCCD,5,1,3,2.8284271247461903,105,100.33049821513733,0.4633556547619041,0.19573496085361397,0.44990365346813194,0.4423987894883123,0.38720354154121456
SCCD_k3_nc5_rf1_ra3,3,SCCD,5,1,3,1.7320508075688772,31,19.998812706875583,0.8069088319088319,0.49554947680277767,0.5539240825345689,0.4644086604542073,0.3904905027536485
SCCD_k4_nc5_rf1_ra3,4,SCCD,5,1,3,2,45,31.539700852808398,0.7625000000000001,0.4207687196194927,0.5058153406109852,0.44626593806921666,0.36317878977419465
SCCD_k5_nc5_rf1_ra3,5,SCCD,5,1,3,2.23606797749979,67,51.27576414088846,0.6630376344086018,0.29839132422367903,0.4413460477285753,0.42143759794912133,0.3833016557355587
SCCD_k6_nc5_rf1_ra3,6,SCCD,5,1,3,2.449489742783178,105,86.54011867759421,0.5525231481481483,0.20986657347450366,0.3880646090396977,0.3710034257501682,0.3611307355487835
FCCD_k3_nc7_rf1_ra3,3,FCCD,7,1,3,1,33,10.735400774716426,1.0793354655294953,0.5858256903972787,0.29734750317108877,0.3471908981992117,0.33031559985837555
FCCD_k4_nc7_rf1_ra3,4,FCCD,7,1,3,1,47,15.99676637953051,1.1432288169732778,0.5302019151802486,0.25654681611275004,0.29764625657238963,0.2882190161729116
FCCD_k5_nc7_rf1_ra3,5,FCCD,7,1,3,1,69,25.929774736788097,1.1662486844177047,0.36057965348530957,0.22318543253942413,0.23959640146093256,0.3171945159038815
FCCD_k6_nc7_rf1_ra3,6,FCCD,7,1,3,1,107,44.46680957992709,1.193730810450701,0.3190990558666458,0.1993987914341141,0.17172044063421313,0.2375101669922311
RCCD_k3_nc7_rf1_ra3,3,RCCD,7,1,3,1.681792830507429,33,19.804705209532564,0.7445590258276485,0.49472685365806407,0.5485477224998632,0.5032985119197172,0.39113980352028527
RCCD_k4_nc7_rf1_ra3,4,RCCD,7,1,3,2,47,32.255177701507385,0.6910714285714286,0.4628714649630197,0.5172897413230556,0.49239161642262413,0.3301440808809712
RCCD_k5_nc7_rf1_ra3,5,RCCD,7,1,3,2.378414230005442,69,55.843885030649524,0.5744614435236107,0.29105544061098476,0.48066524918801656,0.4864190471706463,0.3929625517116875
RCCD_k6_nc7_rf1_ra3,6,RCCD,7,1,3,2.8284271247461903,107,101.2350695608004,0.42755869708994676,0.1938752904326377,0.4539599470226974,0.47943822021261984,0.39091763512938965
SCCD_k3_nc7_rf1_ra3,3,SCCD,7,1,3,1.7320508075688772,33,20.683165960655632,0.7307183557183557,0.48979725892109793,0.5728791952097996,0.5128315811460001,0.39507645420938636
SCCD_k4_nc7_rf1_ra3,4,SCCD,7,1,3,2,47,32.255177701507385,0.6910714285714286,0.4005101717661759,0.5172897413230556,0.49239161642262413,0.3815490470375872
SCCD_k5_nc7_rf1_ra3,5,SCCD,7,1,3,2.23606797749979,69,52.10394648181609,0.5944662058371734,0.3214863637485604,0.4484744642249671,0.47005024886404645,0.3557659096281786
SCCD_k6_nc7_rf1_ra3,6,SCCD,7,1,3,2.449489742783178,107,87.58633317181946,0.4858564814814811,0.19553295206365898,0.39275606110698386,0.42191056120971815,0.3876035688413065
FCCD_k3_nc10_rf1_ra3,3,FCCD,10,1,3,1,36,10.95449009863979,1.0567653890824622,0.5898914131505902,0.30341580605117147,0.35460609668605275,0.3280389577168241
FCCD_k4_nc10_rf1_ra3,4,FCCD,10,1,3,1,50,16.151272380099496,1.1335445245291793,0.5245238943926418,0.2590246933021681,0.30018915923846307,0.2913390142944621
FCCD_k5_nc10_rf1_ra3,5,FCCD,10,1,3,1,72,26.0674441998772,1.1610414720232536,0.35980844236918974,0.22437039534681094,0.24067097922703,0.3178743886023278
FCCD_k6_nc10_rf1_ra3,6,FCCD,10,1,3,1,110,44.611011124724214,1.190459656084656,0.31123590929430395,0.20004542234888203,0.1721922954058122,0.24351068685420924
RCCD_k3_nc10_rf1_ra3,3,RCCD,10,1,3,1.681792830507429,36,20.522116006696965,0.6865143361025048,0.5071243562392119,0.5684184580002292,0.5458523297021102,0.3815777372064263
RCCD_k4_nc10_rf1_ra3,4,RCCD,10,1,3,2,50,33.03134333866695,0.6375,0.4141511274962606,0.5297374334543984,0.5337690631808278,0.3689819107582281
RCCD_k5_nc10_rf1_ra3,5,RCCD,10,1,3,2.378414230005442,72,56.77395063592277,0.5268434906908366,0.2915456662595909,0.48867060582956307,0.5303832977581646,0.3923017964884586
RCCD_k6_nc10_rf1_ra3,6,RCCD,10,1,3,2.8284271247461903,110,102.28055674149508,0.39623635912698396,0.20598693334031093,0.45864813765880913,0.5173376345898059,0.3679324159884399
SCCD_k3_nc10_rf1_ra3,3,SCCD,10,1,3,1.7320508075688772,36,21.434196741462863,0.6735754985754986,0.4952265767420183,0.5936811319203145,0.5563377090288373,0.39074511228590464
SCCD_k4_nc10_rf1_ra3,4,SCCD,10,1,3,2,50,33.03134333866695,0.6375,0.40326548734250695,0.5297374334543984,0.5337690631808278,0.37894210926226496
SCCD_k5_nc10_rf1_ra3,5,SCCD,10,1,3,2.23606797749979,72,52.996465107447904,0.543037634408602,0.27594656673490275,0.45615664262925987,0.5145665241035134,0.41447838973093354
SCCD_k6_nc10_rf1_ra3,6,SCCD,10,1,3,2.449489742783178,110,88.70917855568138,0.43585648148148143,0.1902982178507427,0.39779114265712295,0.4703107318089526,0.39826578988456107
FCCD_k3_nc1_rf2_ra3,3,FCCD,1,2,3,1,35,15.266534383262451,0.8603933167289332,0.36278177181294374,0.4228501549406362,0.4355397031210438,0.5333988071368693
FCCD_k4_nc1_rf2_ra3,4,FCCD,1,2,3,1,57,24.943908932106286,0.8953410311493017,0.2807113004857501,0.40003587388303585,0.38005381853323666,0.5443823390857832
FCCD_k5_nc1_rf2_ra3,5,FCCD,1,2,3,1,95,42.568238310672854,0.9594147898726724,0.2692341165510608,0.36639773296332306,0.29124940635125385,0.42481201898634885
FCCD_k6_nc1_rf2_ra3,6,FCCD,1,2,3,1,165,75.37273466565239,1.042308067185102,0.27157303215140255,0.33798764384930463,0.19666736469077642,0.279075096100476
RCCD_k3_nc1_rf2_ra3,3,RCCD,1,2,3,1.681792830507429,35,22.511750225766967,1.645719343332518,0.9670663645453629,0.6235270449714363,0.22770313252600227,0.20009729572902246
RCCD_k4_nc1_rf2_ra3,4,RCCD,1,2,3,2,57,41.81970000109672,1.544642857142859,0.9920028313082929,0.6706799756605941,0.22029543994861886,0.15404620787695456
RCCD_k5_nc1_rf2_ra3,5,RCCD,1,2,3,2.378414230005442,95,80.14016231294782,1.1238378179885096,0.7465246882437501,0.6897906738934693,0.24863817850084644,0.15320844766853514
RCCD_k6_nc1_rf2_ra3,6,RCCD,1,2,3,2.8284271247461903,165,158.86258605537782,0.4760890151515133,0.2665175078789874,0.7123741946586541,0.4305664996366156,0.28436882308070555
SCCD_k3_nc1_rf2_ra3,3,SCCD,1,2,3,1.7320508075688772,35,23.33557137138392,1.6559095860566395,0.9945591107945189,0.6463451181714299,0.22630187836996563,0.19456597625598923
SCCD_k4_nc1_rf2_ra3,4,SCCD,1,2,3,2,57,41.81970000109672,1.544642857142859,0.9908567031192504,0.6706799756605941,0.22029543994861886,0.15422439378487351
SCCD_k5_nc1_rf2_ra3,5,SCCD,1,2,3,2.23606797749979,95,74.4070996484237,1.4382358156028348,0.9600737176818624,0.640444465392009,0.1942859334774016,0.1191303193969548
SCCD_k6_nc1_rf2_ra3,6,SCCD,1,2,3,2.449489742783178,165,134.03903827065068,1.3446039408310682,0.9334340105808442,0.6010600375571747,0.15245231294096345,0.081194031058274
FCCD_k3_nc3_rf2_ra3,3,FCCD,3,2,3,1,37,15.606744242993562,0.8238636363636364,0.36207834804089134,0.4322732360596459,0.45485130450647693,0.5344350618672463
FCCD_k4_nc3_rf2_ra3,4,FCCD,3,2,3,1,59,25.168529418395718,0.8833734865332344,0.2942310983874914,0.4036382063309854,0.38520261584166954,0.5193681946052965
FCCD_k5_nc3_rf2_ra3,5,FCCD,3,2,3,1,97,42.763306850900094,0.9537386669073695,0.2625603162510515,0.36807674702986964,0.29298276109651317,0.4356099591329772
FCCD_k6_nc3_rf2_ra3,6,FCCD,3,2,3,1,167,75.57393632381641,1.0390196550874011,0.26777988336026193,0.3388898756003893,0.19728980079013747,0.2830282435517608
RCCD_k3_nc3_rf2_ra3,3,RCCD,3,2,3,1.681792830507429,37,25.077571057866265,0.777475083334491,0.3299277569536455,0.6945947614004249,0.4819903013846533,0.5865143512711836
RCCD_k4_nc3_rf2_ra3,4,RCCD,3,2,3,2,59,44.997563310306624,0.7113095238095242,0.33107456817705494,0.7216446953218472,0.4783821478382145,0.46157056160387844
RCCD_k5_nc3_rf2_ra3,5,RCCD,3,2,3,2.378414230005442,97,83.73188211665045,0.5860161007103203,0.2916871831535606,0.7207056951802714,0.4768281752947198,0.3921114647394336
RCCD_k6_nc3_rf2_ra3,6,RCCD,3,2,3,2.8284271247461903,167,161.35173377650796,0.3663519385026731,0.16962249058501352,0.723536071392855,0.5595384089054984,0.44681144454700306
SCCD_k3_nc3_rf2_ra3,3,SCCD,3,2,3,1.7320508075688772,37,26.04537198692371,0.7670206971677562,0.3312137021239403,0.7214007648148146,0.4885597626233166,0.5842371951858851
SCCD_k4_nc3_rf2_ra3,4,SCCD,3,2,3,2,59,44.997563310306624,0.7113095238095242,0.32987893764233056,0.7216446953218472,0.4783821478382145,0.46324350217209936
SCCD_k5_nc3_rf2_ra3,5,SCCD,3,2,3,2.23606797749979,97,78.40331687631765,0.6382358156028365,0.3291519430181001,0.6748411186442111,0.43781464650506674,0.34748052095130016
SCCD_k6_nc3_rf2_ra3,6,SCCD,3,2,3,2.449489742783178,167,139.4027521652271,0.5668261630532992,0.32063616484419233,0.6251120907240315,0.3616417062773362,0.23637155865676857
FCCD_k3_nc5_rf2_ra3,3,FCCD,5,2,3,1,39,15.890985228373053,0.799398804559355,0.35065239562349204,0.44014609978174707,0.46877159134859053,0.5518495431692412
FCCD_k4_nc5_rf2_ra3,4,FCCD,5,2,3,1,61,25.368170372795518,0.87408092269874,0.29458287172769626,0.40683993160482057,0.38929779719612706,0.5187479960053544
FCCD_k5_nc5_rf2_ra3,5,FCCD,5,2,3,1,99,42.942055833823936,0.9490146489519399,0.266866089149287,0.36961529371894825,0.29444117464743125,0.42858157436436384
FCCD_k6_nc5_rf2_ra3,6,FCCD,5,2,3,1,169,75.76163937546738,1.0361725487484554,0.27768196104688336,0.33973157668039194,0.1978318968368986,0.2729355186063173
RCCD_k3_nc5_rf2_ra3,3,RCCD,5,2,3,1.681792830507429,39,26.38160496279531,0.5997607705866341,0.28183447120950955,0.7307136948075793,0.6248082037258221,0.6865993485664675
RCCD_k4_nc5_rf2_ra3,4,RCCD,5,2,3,2,61,46.556348805797555,0.5446428571428572,0.236049987364089,0.7466435886220986,0.6247723132969033,0.647380989394168
RCCD_k5_nc5_rf2_ra3,5,RCCD,5,2,3,2.378414230005442,99,85.63150319485841,0.45229868236355797,0.18373906855483726,0.7370563097268507,0.6177974840316329,0.6224799631980663
RCCD_k6_nc5_rf2_ra3,6,RCCD,5,2,3,2.8284271247461903,169,163.10308256625956,0.31386898880105374,0.12584431150923392,0.7313894981476656,0.6531004593740308,0.6022462925580011
SCCD_k3_nc5_rf2_ra3,3,SCCD,5,2,3,1.7320508075688772,39,27.41040418061,0.5892429193899783,0.27384801285539334,0.7592092195766253,0.635960887104761,0.7066232189101425
SCCD_k4_nc5_rf2_ra3,4,SCCD,5,2,3,2,61,46.556348805797555,0.5446428571428572,0.2289290138758186,0.7466435886220986,0.6247723132969033,0.6675181611062114
SCCD_k5_nc5_rf2_ra3,5,SCCD,5,2,3,2.23606797749979,99,80.333865016273,0.4782358156028369,0.19721760841336808,0.6914579317877058,0.584291219683738,0.5799375093948733
SCCD_k6_nc5_rf2_ra3,6,SCCD,5,2,3,2.449489742783178,169,141.9693250292383,0.41127060749774136,0.19251833340162286,0.6366211585444143,0.49842604122969447,0.3936730009387846
FCCD_k3_nc7_rf2_ra3,3,FCCD,7,2,3,1,41,16.13572732716869,0.7818688857074685,0.34814114054698386,0.4469249293312808,0.4792817013000499,0.5558302130911444
FCCD_k4_nc7_rf2_ra3,4,FCCD,7,2,3,1,63,25.547978588462808,0.8666566312630789,0.27658712035595345,0.40972359097359057,0.39263275154527066,0.5524996036315091
FCCD_k5_nc7_rf2_ra3,5,FCCD,7,2,3,1,101,43.107059586387265,0.9450217156646662,0.2682587731149645,0.3710355310430399,0.29568525607741913,0.4263565634926923
FCCD_k6_nc7_rf2_ra3,6,FCCD,7,2,3,1,171,75.93756923152868,1.0336834991657604,0.25739724886003224,0.34052048420506487,0.19830826450714104,0.29444475565146033
RCCD_k3_nc7_rf2_ra3,3,RCCD,7,2,3,1.681792830507429,41,27.27980925785825,0.5231722273073688,0.27426558607873114,0.7555920212044407,0.7162755019778392,0.7055473750923879
RCCD_k4_nc7_rf2_ra3,4,RCCD,7,2,3,2,63,47.61247771094973,0.47321428571428553,0.2165032700245578,0.7635811684799966,0.7190775681341721,0.7058289435947603
RCCD_k5_nc7_rf2_ra3,5,RCCD,7,2,3,2.378414230005442,101,86.9420202260483,0.39161504183320073,0.16670669645761477,0.7483363271363898,0.7135297630218327,0.686078550306716
RCCD_k6_nc7_rf2_ra3,6,RCCD,7,2,3,2.8284271247461903,171,164.45895713507002,0.2831031217345867,0.11717608404714959,0.737469532962646,0.7240753104849545,0.6467981129618059
SCCD_k3_nc7_rf2_ra3,3,SCCD,7,2,3,1.7320508075688772,41,28.34837982763316,0.5130524431995022,0.28337505459677914,0.7851891268507428,0.7304037914691942,0.6828666150990961
SCCD_k4_nc7_rf2_ra3,4,SCCD,7,2,3,2,63,47.61247771094973,0.47321428571428553,0.21686327815952125,0.7635811684799966,0.7190775681341721,0.7046572184242137
SCCD_k5_nc7_rf2_ra3,5,SCCD,7,2,3,2.23606797749979,101,81.6313803141852,0.4096643870314083,0.1448755077036694,0.702626039337063,0.6820924562661714,0.7894632463756691
SCCD_k6_nc7_rf2_ra3,6,SCCD,7,2,3,2.449489742783178,171,143.68564305434188,0.34460394083107443,0.13943540690002795,0.6443174997740925,0.5948509476556342,0.5435439371600179
FCCD_k3_nc10_rf2_ra3,3,FCCD,10,2,3,1,44,16.449785764455324,0.7632575757575758,0.3594397396085932,0.45562367231597956,0.4909685296782071,0.5383582921207911
FCCD_k4_nc10_rf2_ra3,4,FCCD,10,2,3,1,66,25.78831051371545,0.8579522061346326,0.28055359261938334,0.41357789432284175,0.39661623962813175,0.5446883532643342
FCCD_k5_nc10_rf2_ra3,5,FCCD,10,2,3,1,104,43.33306494169205,0.9400704614044683,0.2664020581658355,0.37298082765637147,0.2972425998552928,0.42932809686051393
FCCD_k6_nc10_rf2_ra3,6,FCCD,10,2,3,1,174,76.18241234643327,1.0304862623131559,0.2731256838892655,0.3416184136869447,0.19892354538437956,0.27748862343051517
RCCD_k3_nc10_rf2_ra3,3,RCCD,10,2,3,1.681792830507429,44,28.266818484214777,0.4655622244305693,0.2678488834844714,0.7829300531254421,0.8049094837833759,0.7224497702535421
RCCD_k4_nc10_rf2_ra3,4,RCCD,10,2,3,2,66,48.75819048429891,0.41964285714285715,0.22518855405224394,0.7819554422056261,0.8108747044917256,0.6786058687991386
RCCD_k5_nc10_rf2_ra3,5,RCCD,10,2,3,2.378414230005442,104,88.37512582328492,0.344675714450622,0.16135337997775787,0.760671501500251,0.8107011207343405,0.7088409839808018
RCCD_k6_nc10_rf2_ra3,6,RCCD,10,2,3,2.8284271247461903,174,166.05420387724587,0.25517095295055797,0.11239707846680712,0.7446229643743896,0.8033358750239463,0.6742992885560833
SCCD_k3_nc10_rf2_ra3,3,SCCD,10,2,3,1.7320508075688772,44,29.377743798171675,0.4559095860566449,0.2627121223797383,0.8137002940551168,0.8219512403252921,0.7365756957964739
SCCD_k4_nc10_rf2_ra3,4,SCCD,10,2,3,2,66,48.75819048429891,0.41964285714285715,0.224607196179609,0.7819554422056261,0.8108747044917256,0.6803623257201679
SCCD_k5_nc10_rf2_ra3,5,SCCD,10,2,3,2.23606797749979,104,83.02969142660494,0.3582358156028369,0.1620496595502524,0.7146617270211258,0.7800141019535065,0.7057953034242208
SCCD_k6_nc10_rf2_ra3,6,SCCD,10,2,3,2.449489742783178,174,145.5276742844231,0.2946039408310747,0.1118225864099106,0.6525775662041314,0.6958086853521434,0.6777635223721965
FCCD_k3_nc1_rf3_ra3,3,FCCD,1,3,3,1,43,19.696441651358572,0.743348623853211,0.2448711024169578,0.5455490548783178,0.5041180379039065,0.7902417330017433
FCCD_k4_nc1_rf3_ra3,4,FCCD,1,3,3,1,73,33.09827509021154,0.796206690561529,0.22869712856416075,0.5308108458771481,0.4273736729564468,0.6681949848940621
FCCD_k5_nc1_rf3_ra3,5,FCCD,1,3,3,1,127,57.576682933553315,0.8830357900736052,0.2534572492908298,0.4955799660873618,0.31644129392732434,0.4512551483616223
FCCD_k6_nc1_rf3_ra3,6,FCCD,1,3,3,1,229,103.31673322113687,0.9880595143807391,0.24313968499200464,0.4632945770976821,0.2074652161997608,0.3117108177895458
RCCD_k3_nc1_rf3_ra3,3,RCCD,1,3,3,1.681792830507429,43,27.76380471209866,1.551877728385572,0.965529238222307,0.7689976539222695,0.2414722776679638,0.20041585140632506
RCCD_k4_nc1_rf3_ra3,4,RCCD,1,3,3,2,73,53.48092454365149,1.465277777777778,0.9875537397177765,0.8576958985908938,0.23222748815165872,0.15474021131236473
RCCD_k5_nc1_rf3_ra3,5,RCCD,1,3,3,2.378414230005442,127,105.50441570171128,1.0314670738453526,0.7059765063349266,0.9081084927358841,0.27090441864838766,0.16200806628230952
RCCD_k6_nc1_rf3_ra3,6,RCCD,1,3,3,2.8284271247461903,229,213.81191355569382,0.40341796875000197,0.24535717157014503,0.9587788636058592,0.5081280375397996,0.30889364089479227
SCCD_k3_nc1_rf3_ra3,3,SCCD,1,3,3,1.7320508075688772,43,28.678337149283713,1.574735449735441,0.9991360039218237,0.7943282347242823,0.2379672406551882,0.1936746985159839
SCCD_k4_nc1_rf3_ra3,4,SCCD,1,3,3,2,73,53.48092454365149,1.465277777777778,0.9810237224086099,0.8576958985908938,0.23222748815165872,0.1557702131718641
SCCD_k5_nc1_rf3_ra3,5,SCCD,1,3,3,2.23606797749979,127,98.13465759686922,1.3721031746031644,0.9654922699950532,0.8446747503668655,0.2036501286252358,0.1184617341707439
SCCD_k6_nc1_rf3_ra3,6,SCCD,1,3,3,2.449489742783178,229,180.85838811827853,1.294986598440531,0.9569109864104273,0.8110081283588643,0.15829351517311804,0.07920200637496251
FCCD_k3_nc3_rf3_ra3,3,FCCD,3,3,3,1,45,20.122340836273356,0.7101851851851853,0.242073519575406,0.5573455459357612,0.52765878189607,0.7993743581513322
FCCD_k4_nc3_rf3_ra3,4,FCCD,3,3,3,1,75,33.392438317034134,0.7847614563716259,0.23483834833320957,0.5355284642675346,0.43360663933606636,0.6507211256204982
FCCD_k5_nc3_rf3_ra3,5,FCCD,3,3,3,1,129,57.839057711571414,0.8774695797374599,0.23791873679377323,0.4978383053484555,0.31844863280460883,0.48072669758330466
FCCD_k6_nc3_rf3_ra3,6,FCCD,3,3,3,1,231,103.59186811548956,0.9847991029931213,0.24624375903521412,0.4645283414701107,0.20815207908517208,0.30778148588574816
RCCD_k3_nc3_rf3_ra3,3,RCCD,3,3,3,1.681792830507429,45,30.91660796609404,0.692889282834857,0.32879428304376584,0.8563235204863869,0.540830200464746,0.5885362803290175
RCCD_k4_nc3_rf3_ra3,4,RCCD,3,3,3,2,75,57.5449199296881,0.6319444444444448,0.3326970005135129,0.922871888053284,0.5384615384615381,0.4593196636290024
RCCD_k5_nc3_rf3_ra3,5,RCCD,3,3,3,2.378414230005442,129,110.12526667623425,0.51719638343772,0.2943894547001883,0.9478815580215594,0.5402763765239615,0.3885121793800073
RCCD_k6_nc3_rf3_ra3,6,RCCD,3,3,3,2.8284271247461903,231,216.93062818683273,0.3078776041666665,0.16180183087013844,0.9727638545272161,0.6658099777152433,0.4684079879589157
SCCD_k3_nc3_rf3_ra3,3,SCCD,3,3,3,1.7320508075688772,45,32.00855668507294,0.6858465608465613,0.33261310398695526,0.8865681505652133,0.5463837994214076,0.5817791362291405
SCCD_k4_nc3_rf3_ra3,4,SCCD,3,3,3,2,75,57.5449199296881,0.6319444444444448,0.33210750151473595,0.922871888053284,0.5384615384615381,0.46013496735021586
SCCD_k5_nc3_rf3_ra3,5,SCCD,3,3,3,2.23606797749979,129,103.40522198111613,0.5721031746031735,0.32199345193643814,0.8900400959499154,0.48842411718628975,0.35520563522092874
SCCD_k6_nc3_rf3_ra3,6,SCCD,3,3,3,2.449489742783178,231,188.0956278196101,0.5172088206627692,0.3191647750560965,0.8434614764492101,0.39633504414435944,0.23746126129561002
FCCD_k3_nc5_rf3_ra3,3,FCCD,5,3,3,1,47,20.479894337779616,0.6877329192546584,0.24120855951886525,0.5672490086153624,0.5448851425369827,0.8022408687403552
FCCD_k4_nc5_rf3_ra3,4,FCCD,5,3,3,1,77,33.65426574581149,0.7758468267262237,0.23148836532097622,0.5397274999745117,0.4385888632342798,0.6601380339541306
FCCD_k5_nc5_rf3_ra3,5,FCCD,5,3,3,1,131,58.07959379975102,0.8728325049751998,0.2579084906737398,0.4999086723850631,0.32014044665186747,0.4434669379564852
FCCD_k6_nc5_rf3_ra3,6,FCCD,5,3,3,1,233,103.84858543776248,0.9819752982995611,0.27903066586643677,0.46567951746598263,0.2087506489462601,0.2716162749015847
RCCD_k3_nc5_rf3_ra3,3,RCCD,5,3,3,1.681792830507429,47,32.52176231676827,0.5162706913981948,0.19744635207177405,0.9007828423499248,0.725850713548292,0.9800503392723201
RCCD_k4_nc5_rf3_ra3,4,RCCD,5,3,3,2,77,59.5383653504325,0.46527777777777796,0.19693540377365604,0.9548416039104163,0.7313432835820892,0.7759614139359065
RCCD_k5_nc5_rf3_ra3,5,RCCD,5,3,3,2.378414230005442,131,112.595965620374,0.38600789808232316,0.18160029357143512,0.969147612899398,0.7238944834632257,0.6298111439289686
RCCD_k6_nc5_rf3_ra3,6,RCCD,5,3,3,2.8284271247461903,233,219.17094067788298,0.2601074218750001,0.12025257426431105,0.9828099002716768,0.7880897026757732,0.630250707809116
SCCD_k3_nc5_rf3_ra3,3,SCCD,5,3,3,1.7320508075688772,47,33.68611807181347,0.508068783068783,0.20597746771795308,0.9330329915368072,0.7375683415777142,0.9394588955768483
SCCD_k4_nc5_rf3_ra3,4,SCCD,5,3,3,2,77,59.5383653504325,0.46527777777777796,0.1993125644471726,0.9548416039104163,0.7313432835820892,0.7667066789798287
SCCD_k5_nc5_rf3_ra3,5,SCCD,5,3,3,2.23606797749979,131,105.95139945052377,0.41210317460317364,0.1952200186774183,0.9119558173782872,0.6780558976865424,0.585871722618025
SCCD_k6_nc5_rf3_ra3,6,SCCD,5,3,3,2.449489742783178,233,191.55869527489799,0.3616532651072127,0.1901836222355063,0.8589906199106501,0.5668080466754855,0.3985057659281497
FCCD_k3_nc7_rf3_ra3,3,FCCD,7,3,3,1,49,20.788793470458696,0.671524064171123,0.23317385584303807,0.5758048499631919,0.5580372614017847,0.8298844809869439
FCCD_k4_nc7_rf3_ra3,4,FCCD,7,3,3,1,79,33.89035095427176,0.7687070554717612,0.22155601600940947,0.5435136969548776,0.4426624880773948,0.6897320014986854
FCCD_k5_nc7_rf3_ra3,5,FCCD,7,3,3,1,133,58.30171999324111,0.8689098440136873,0.22715653980203526,0.5018205798765727,0.3215857087132128,0.5035025129883465
FCCD_k6_nc7_rf3_ra3,6,FCCD,7,3,3,1,235,104.08923442976513,0.9795059038195317,0.24330908622248415,0.46675863959366565,0.20927692213991858,0.3114937926183648
RCCD_k3_nc7_rf3_ra3,3,RCCD,7,3,3,1.681792830507429,49,33.6278992805053,0.44007026055661436,0.2059012723765489,0.9314204562811236,0.8515355008572333,0.9398065495299174
RCCD_k4_nc7_rf3_ra3,4,RCCD,7,3,3,2,79,60.88899078015415,0.3938492063492062,0.15281427436624478,0.9765021473937159,0.8639798488664989,1
RCCD_k5_nc7_rf3_ra3,5,RCCD,7,3,3,2.378414230005442,133,114.30633823036169,0.32602249370481273,0.13353139370716544,0.9838693085037221,0.8570849968653678,0.8565318271363528
RCCD_k6_nc7_rf3_ra3,6,RCCD,7,3,3,2.8284271247461903,235,220.9245827898042,0.2314453125,0.0952077528967096,0.9906736107790954,0.8856864654333007,0.7960409498181698
SCCD_k3_nc7_rf3_ra3,3,SCCD,7,3,3,1.7320508075688772,49,34.83884672863714,0.43187830687830686,0.1935073643360241,0.9649610951198181,0.8676875957120981,1
SCCD_k4_nc7_rf3_ra3,4,SCCD,7,3,3,2,79,60.88899078015415,0.3938492063492062,0.16832426664951355,0.9765021473937159,0.8639798488664989,0.9078564689928884
SCCD_k5_nc7_rf3_ra3,5,SCCD,7,3,3,2.23606797749979,133,107.662677273325,0.3435317460317458,0.13940289685911825,0.9266853044237395,0.8134007736484614,0.8204556089508621
SCCD_k6_nc7_rf3_ra3,6,SCCD,7,3,3,2.449489742783178,235,193.8745169603073,0.2949865984405463,0.13743132125199567,0.8693752652137388,0.6949060799809367,0.5514701405437428
FCCD_k3_nc10_rf3_ra3,3,FCCD,10,3,3,1,52,21.186341481334946,0.6542035398230088,0.2412708510442956,0.5868160745001546,0.5728117121421146,0.8020337454709667
FCCD_k4_nc10_rf3_ra3,4,FCCD,10,3,3,1,82,34.206252384522195,0.7603164187809858,0.23281483687169813,0.5485799399825882,0.4475475859423694,0.6563768719364701
FCCD_k5_nc10_rf3_ra3,5,FCCD,10,3,3,1,136,58.60608837688798,0.8640416311452116,0.22678604537642671,0.5044403708329197,0.32339759789660844,0.5043250718633091
FCCD_k6_nc10_rf3_ra3,6,FCCD,10,3,3,1,238,104.42419783954567,0.9763329337205637,0.26436405971170807,0.4682606879689788,0.20995704814347718,0.28668522539939567
RCCD_k3_nc10_rf3_ra3,3,RCCD,10,3,3,1.681792830507429,52,34.84371607829346,0.3827187662442331,0.20580991069976057,0.9650959656284054,0.979140514620888,0.9402237417920868
RCCD_k4_nc10_rf3_ra3,4,RCCD,10,3,3,2,82,62.354180113855215,0.34027777777777773,0.16998971392747853,1,1,0.8989618891378265
RCCD_k5_nc10_rf3_ra3,5,RCCD,10,3,3,2.378414230005442,136,116.18040855873416,0.2794289879950288,0.11444410406985586,1,1,0.9993864652236614
RCCD_k6_nc10_rf3_ra3,6,RCCD,10,3,3,2.8284271247461903,238,223.0044087033493,0.20498798076923072,0.07578927004595032,1,1,1
SCCD_k3_nc10_rf3_ra3,3,SCCD,10,3,3,1.7320508075688772,52,36.10388740523393,0.37473544973544975,0.20398519516068211,1,1,0.9486343564472683
SCCD_k4_nc10_rf3_ra3,4,SCCD,10,3,3,2,82,62.354180113855215,0.34027777777777773,0.16809083663430902,1,1,0.9091172215336208
SCCD_k5_nc10_rf3_ra3,5,SCCD,10,3,3,2.23606797749979,136,109.50689352257538,0.2921031746031745,0.1314529370257884,0.9425590328098646,0.956610582458189,0.8700748056289093
SCCD_k6_nc10_rf3_ra3,6,SCCD,10,3,3,2.449489742783178,238,196.3599630171744,0.24498659844054568,0.09603952619505887,0.8805205428847886,0.8367314052036933,0.789146646683994
